-- phpMyAdmin SQL Dump
-- version 5.1.1
-- https://www.phpmyadmin.net/
--
-- Hôte : localhost:3306
-- Généré le : ven. 03 déc. 2021 à 15:57
-- Version du serveur : 8.0.26
-- Version de PHP : 7.4.19

SET SQL_MODE = "NO_AUTO_VALUE_ON_ZERO";
START TRANSACTION;
SET time_zone = "+00:00";


/*!40101 SET @OLD_CHARACTER_SET_CLIENT=@@CHARACTER_SET_CLIENT */;
/*!40101 SET @OLD_CHARACTER_SET_RESULTS=@@CHARACTER_SET_RESULTS */;
/*!40101 SET @OLD_COLLATION_CONNECTION=@@COLLATION_CONNECTION */;
/*!40101 SET NAMES utf8mb4 */;

--
-- Base de données : `explosionpankov`
--

DELIMITER $$
--
-- Procédures
--
CREATE DEFINER=`root`@`localhost` PROCEDURE `C4` ()  BEGIN
 SET @quantiteMax = 1800 + RAND() * 600;
 SET @i = 0;
 
 INSERT INTO Explosion(dateDeclenchement, puissanceEstimee, nomDeCode, estFission, description, idPays, idSite, idCategorie, idType)
 VALUES ('1945-07-16', 19, 'Trinity', 1, 'Premier bombardement de l''histoire', 3, (SELECT idSite FROM Site WHERE designation LIKE '%Alamo%' LIMIT 1), (SELECT idCategorie FROM Categorie WHERE nom LIKE '%ciel%' LIMIT 1), (SELECT idType FROM Type ORDER BY idType LIMIT 1)),
		('1945-08-06', 12, 'Little Boy', 1, 'Bombardement de Hiroshima', 3, (SELECT idSite FROM Site WHERE designation LIKE '%Hiro%' LIMIT 1), (SELECT idCategorie FROM Categorie WHERE nom LIKE '%comba%' LIMIT 1), (SELECT idType FROM Type ORDER BY idType LIMIT 1)),
        ('1945-08-09', 20, 'Fat Man', 1, 'Bombardement de Nagasaki', 3, (SELECT idSite FROM Site WHERE designation LIKE '%Naga%' LIMIT 1), (SELECT idCategorie FROM Categorie WHERE nom LIKE '%comba%' LIMIT 1), (SELECT idType FROM Type ORDER BY idType LIMIT 1));
 
  WHILE @i < @quantiteMax DO
  
   SET @dateDeclenchementTemp = IF(RAND() > 0.005, '1946-06-01' + INTERVAL RAND() * TIMESTAMPDIFF(DAY, '1946-06-01', '1996-01-30') DAY, '2006-10-01' + INTERVAL RAND() * TIMESTAMPDIFF(DAY, '2006-10-01', '2017-09-30') DAY);
   SET @estFissionTemp = IF(RAND() < 0.7, 1, 0);
   SET @puissanceEstimeeTemp = IF(@estFissionTemp, 20 + RAND() * 480, IF(RAND() < 0.98, 1000 + RAND() * 6000, 10000 + RAND() * 40000));
   SET @nomDeCodeTemp = CONV(FLOOR(RAND() * 99999999999999), 20, 36);
   SET @descriptionTemp = CONV(FLOOR(RAND() * 99999999999999), 20, 36);
   SET @idPaysTemp = IF(YEAR(@dateDeclenchementTemp) > 2005, 2, IF(RAND() < 0.5, 3, IF(RAND() < 0.75, 9, IF(RAND() < 0.5, 4, (SELECT idPays FROM Pays WHERE idPays < 10 AND nom != 'Israël' AND nom != 'Corée du Nord' ORDER BY RAND() LIMIT 1)))));
   SET @idSiteTemp = IF(@idPaysTemp = 3,
    (SELECT idSite FROM Site WHERE idPays IN (3, 10, 11, 12) ORDER BY RAND() LIMIT 1),
	 IF(@idPaysTemp = 8,
	  (SELECT idSite FROM Site WHERE idPays IN (3, 11, 18) ORDER BY RAND() LIMIT 1),
	   IF(@idPaysTemp = 4,
	    (SELECT idSite FROM Site WHERE idPays IN (4, 13) ORDER BY RAND() LIMIT 1),
	    (SELECT idSite FROM Site WHERE idPays = @idPaysTemp ORDER BY RAND() LIMIT 1))));
   SET @idCategorieTemp = IF(RAND() < 0.9, (SELECT idCategorie FROM Categorie WHERE nom LIKE '%ciel%' LIMIT 1), (SELECT idCategorie FROM Categorie WHERE nom LIKE '%cieu%' LIMIT 1));
   SET @idTypeTemp = (SELECT idType FROM Type ORDER BY RAND() LIMIT 1);
   
   INSERT INTO Explosion(dateDeclenchement, puissanceEstimee, nomDeCode, estFission, description, idPays, idSite, idCategorie, idType)
   VALUES (@dateDeclenchementTemp, @puissanceEstimeeTemp, @nomDeCodeTemp, @estFissionTemp, @descriptionTemp, @idPaysTemp, @idSiteTemp, @idCategorieTemp, @idTypeTemp);
   
   SET @i = @i + 1;
  END WHILE;
  
  SET @i = @i + 3;
  
  SELECT CONCAT(@i, ' explosions ajoutées') AS Resultat;
  
END$$

DELIMITER ;

-- --------------------------------------------------------

--
-- Structure de la table `categorie`
--

CREATE TABLE `categorie` (
  `idCategorie` int NOT NULL,
  `nom` varchar(50) NOT NULL
) ENGINE=InnoDB DEFAULT CHARSET=utf8mb4 COLLATE=utf8mb4_0900_ai_ci;

--
-- Déchargement des données de la table `categorie`
--

INSERT INTO `categorie` (`idCategorie`, `nom`) VALUES
(1, 'Essai officiel'),
(2, 'Essai officieux'),
(3, 'Tir de combat');

-- --------------------------------------------------------

--
-- Structure de la table `explosion`
--

CREATE TABLE `explosion` (
  `idExplosion` int NOT NULL,
  `dateDeclenchement` date NOT NULL,
  `puissanceEstimee` int UNSIGNED NOT NULL,
  `nomDeCode` varchar(50) NOT NULL,
  `estFission` tinyint(1) NOT NULL,
  `description` varchar(250) CHARACTER SET utf8mb4 COLLATE utf8mb4_0900_ai_ci DEFAULT NULL,
  `idCategorie` int NOT NULL,
  `idType` int NOT NULL,
  `idPays` int NOT NULL,
  `idSite` int NOT NULL
) ENGINE=InnoDB DEFAULT CHARSET=utf8mb4 COLLATE=utf8mb4_0900_ai_ci;

--
-- Déchargement des données de la table `explosion`
--

INSERT INTO `explosion` (`idExplosion`, `dateDeclenchement`, `puissanceEstimee`, `nomDeCode`, `estFission`, `description`, `idCategorie`, `idType`, `idPays`, `idSite`) VALUES
(1, '1945-07-16', 19, 'Trinity', 1, 'Premier bombardement de l\'histoire', 1, 1, 3, 25),
(2, '1945-08-06', 12, 'Little Boy', 1, 'Bombardement de Hiroshima', 3, 1, 3, 32),
(3, '1945-08-09', 20, 'Fat Man', 1, 'Bombardement de Nagasaki', 3, 1, 3, 33),
(4, '1989-04-03', 415, '78G3S00LT9T', 1, '57HEQVYZO92N', 1, 2, 3, 23),
(5, '1959-03-16', 490, '5474HRX81LEX', 1, '1VEG8IUGUYV2', 2, 1, 7, 30),
(6, '1976-01-12', 14398, '3AT89QLDVYGS', 0, '2PSWS3QTGFRW', 1, 4, 3, 31),
(7, '1951-04-01', 233, '3C9JKWAF1CJF', 1, '39V0P6IV992C', 1, 2, 3, 19),
(8, '1947-06-07', 2044, '2S6ALJZJXL2U', 0, '5TKMZZW8XJ4S', 2, 2, 3, 26),
(9, '1960-03-19', 3986, '5QDKX0JTQ8ZJ', 0, '1C6D3DXND5M5', 1, 1, 3, 29),
(10, '1980-05-07', 118, '70HPG6U88UD', 1, '4EBHJJZLLV9O', 1, 4, 3, 25),
(11, '1967-07-01', 328, '6QM7RVVGUMC', 1, '23GLTH2QRBPK', 1, 2, 9, 31),
(12, '1990-05-23', 187, '5PJ19YCF1RJS', 1, '3W3VSTB8BTQX', 1, 1, 3, 26),
(13, '1948-03-20', 126, 'MOX7U7ZVILZ', 1, '567FRC9CZPNW', 1, 2, 3, 23),
(14, '1979-08-31', 118, '59DZ8RLTLGXG', 1, '53YRK3FVKG3B', 1, 2, 9, 31),
(15, '1959-09-14', 220, '4HS4CJX8XLKN', 1, '2RXQMTP1FW7O', 1, 3, 3, 9),
(16, '1990-02-06', 415, '5326M1U68XPS', 1, '4F5JR2L6QEGQ', 1, 2, 3, 26),
(17, '1955-09-03', 323, '53V8EL70QUEO', 1, '1XGX7US9G0ED', 1, 4, 3, 25),
(18, '1993-03-02', 6964, '2NICIA0TRCAR', 0, '1J3458ASHYL0', 1, 1, 3, 29),
(19, '1947-11-15', 471, '2PXFJNFONURD', 1, '3C6B8USS7LKO', 1, 1, 3, 9),
(20, '1968-02-12', 271, '35I80PXCQKON', 1, '1AIFQ14US7K', 1, 1, 9, 31),
(21, '1955-05-31', 350, '411KY1LDBKOT', 1, '2LAGGOTN15D2', 1, 3, 3, 9),
(22, '1980-07-14', 449, '59ENP46D7PJ7', 1, '4LT9QY5F3JFO', 1, 3, 3, 7),
(23, '1968-04-28', 94, '2QS0AOG216XY', 1, '5RNG2QFDN708', 1, 3, 3, 26),
(24, '1970-11-02', 249, '50LVP92J0NHF', 1, '3UZDD4KSMN98', 1, 2, 4, 3),
(25, '1971-08-23', 45, '1WG8OTIRRFGG', 1, '2HXGPAX4CVGG', 1, 4, 3, 25),
(26, '1959-08-08', 3703, '2LE3N94UAQQI', 0, '52YBZYPU5ZZ5', 1, 2, 3, 7),
(27, '1966-12-06', 68, '2S6E9KKXEFD3', 1, 'WM4Y1RG2PM4', 2, 4, 3, 8),
(28, '1991-09-07', 1005, 'SEU5BXCHJQ7', 0, '4M35SJ1LMRO6', 2, 4, 3, 29),
(29, '1950-11-08', 329, '3XO9X9UKV7HT', 1, '2J5GQ8R9TMJG', 1, 1, 3, 29),
(30, '2012-08-15', 360, '3AR3BVFPHOGD', 1, '3YE76A3J871X', 1, 2, 2, 16),
(31, '1968-07-27', 5522, '36IN3W7F2Q7X', 0, '224BQL8C8G5L', 1, 2, 3, 8),
(32, '1988-04-09', 79, '1B486OBB5IWW', 1, '4GQ0AKQDLAAX', 1, 1, 3, 29),
(33, '1953-03-14', 94, '1CCWOO8RVIGP', 1, '4D3BCW67XXYG', 1, 1, 9, 31),
(34, '1982-12-17', 339, '3EIL09H2OWQB', 1, '5VZFCGUIFAAZ', 2, 2, 3, 9),
(35, '1951-02-13', 416, '1ETF32UCPSVQ', 1, '50JUJITBKU46', 1, 1, 3, 1),
(36, '1989-05-02', 241, '3XHWW7NFU4GD', 1, '5RDKWRUXJ625', 1, 2, 8, 25),
(37, '1957-01-22', 1235, '3TYR2EHOYY5X', 0, '4W9EA1JR9A9', 1, 3, 3, 25),
(38, '1948-12-14', 447, '1B62PKY2APHC', 1, '2M7YHIEJ7K6U', 1, 3, 9, 31),
(39, '1984-10-22', 170, 'VHTNGIPFU5P', 1, '5TSVLJL4REBK', 1, 2, 3, 9),
(40, '1990-01-02', 57, '2205S6MQSJPL', 1, '3C2DV76B2FJD', 1, 4, 9, 31),
(41, '1982-08-08', 124, '534TDW765KWA', 1, '39MY4IJH6H9K', 1, 1, 3, 26),
(42, '1979-08-30', 151, '3EMCSPZVGIZO', 1, 'UHXDC7HSAKV', 1, 1, 3, 12),
(43, '1954-11-15', 2134, '40XLX89F9D02', 0, '5O0GY64BU4RO', 1, 1, 1, 6),
(44, '1981-10-28', 2773, '3T3F9YW1FI6N', 0, '1ELJTG8HCC3A', 1, 1, 3, 8),
(45, '1992-09-23', 462, 'TNGHXRTESWW', 1, '9F3IJ01SW01', 1, 1, 9, 31),
(46, '1992-03-12', 329, '5TIDI2EN1QCA', 1, '5O2EVXDVYZ4D', 1, 4, 7, 30),
(47, '1978-10-02', 184, '4GDLY1EZD274', 1, '3UX5I99G3DQT', 2, 1, 3, 1),
(48, '1954-02-24', 73, '3QM9ZCCQQ9D0', 1, '3ZTAEEFBTJHR', 1, 1, 9, 31),
(49, '1988-12-18', 187, '5UX4Y4LPQR0O', 1, '58MBWU9F3HO6', 1, 4, 3, 19),
(50, '1983-06-07', 2840, '1WSJWRPUPKK1', 0, '3YCN3EUCI2P9', 1, 4, 3, 1),
(51, '1991-08-01', 5539, '23IEU9KBH6YJ', 0, '3SPAXB217FU0', 1, 1, 4, 11),
(52, '1980-01-20', 120, '40XFRZV6U17H', 1, '5659XTIN171S', 1, 4, 3, 7),
(53, '1971-11-14', 451, '3T51IIMZ4WQY', 1, '2MKUVJDRYUKZ', 1, 4, 3, 23),
(54, '1956-05-14', 61, '2IWZTWA9NXUK', 1, '50FAO0DFX5J1', 2, 3, 9, 31),
(55, '1966-07-15', 278, '3JKA050TCG0', 1, '39ZJP09DYYXM', 1, 3, 9, 31),
(56, '1961-11-08', 277, '25TDZCT06JZR', 1, '24NCPVLXZYK9', 1, 1, 9, 31),
(57, '1967-03-17', 223, '4E1ASEM708NP', 1, '1I4I2JTOSVEJ', 1, 2, 3, 8),
(58, '1970-05-12', 5452, 'SF7ENA3IKPH', 0, '3AX8BV1VYPS0', 1, 1, 3, 8),
(59, '1947-01-01', 383, '1VJZUUJ8WYV0', 1, '1FM1XN64QOL4', 1, 3, 3, 1),
(60, '1979-05-14', 6200, 'MXHELBQD0EP', 0, '5QLU7BOAD61G', 2, 1, 3, 26),
(61, '1977-07-01', 464, '5QFRVEJ2A8S8', 1, '5RDOQBJMG9AU', 2, 2, 4, 3),
(62, '1955-09-05', 6270, '3W9XETMM0ARU', 0, '3U7JJXQ2TBW5', 1, 1, 3, 26),
(63, '1971-08-28', 138, 'TNDKDAELZI5', 1, 'MVKYC5SGBL4', 2, 3, 3, 9),
(64, '1991-11-17', 334, '2L9K4GOHRFUO', 1, '19C0QQQZWY5O', 1, 1, 9, 31),
(65, '1978-04-12', 121, '5SW7QA6F94GX', 1, '1AC71BJA4JU2', 1, 2, 3, 23),
(66, '1956-12-20', 2014, '3AR477AXYWWJ', 0, '1J2KIAG2V36C', 1, 4, 9, 31),
(67, '1985-03-15', 387, '3A0VCOXPNC3O', 1, '2RTSCSJJVR7P', 1, 2, 9, 31),
(68, '1981-08-29', 148, '2RTKW5J7BGPC', 1, '3XBUQI5QS1VZ', 2, 3, 9, 31),
(69, '1990-07-05', 2683, '4E3LC1A3OR0O', 0, '4F7RKVH9BCXU', 1, 1, 3, 1),
(70, '1978-11-03', 3564, '3DIP15RKSIA1', 0, '3XIMJ0LIQ93E', 2, 2, 4, 3),
(71, '1957-05-11', 394, '52UC2JLCUR4O', 1, '52QKHW7SOCXT', 2, 3, 4, 18),
(72, '1958-04-30', 45, 'WSLOI4S4691', 1, '51Q2V1X3Z3OI', 1, 4, 9, 31),
(73, '1993-04-21', 6817, '5PDHR7IOEJ0L', 0, '4KZMYHKWJUKF', 1, 2, 3, 9),
(74, '1957-06-19', 299, 'S8VM87VUK6O', 1, '3DT0M6PSHHO', 1, 2, 9, 31),
(75, '1973-05-21', 6061, 'SF4TH1HMGG7', 0, '1EVDBKDPMC4X', 1, 3, 9, 31),
(76, '1979-05-03', 4849, '3459KY1L6LQT', 0, '3DC8OHKEICSJ', 2, 1, 3, 7),
(77, '1983-12-28', 110, '2NQEJX31YHUU', 1, '4GJFYSAE7DXZ', 1, 2, 3, 21),
(78, '1994-02-22', 390, '2OKYK2STUYM4', 1, 'G8E9XQTMQF', 2, 1, 9, 31),
(79, '1967-08-04', 1137, '2LHX8CEWNFVZ', 0, 'P28IOATHCCF', 1, 3, 3, 21),
(80, '1946-08-24', 460, '2PISCV68LCD', 1, '25CZL75FQZJC', 1, 1, 9, 31),
(81, '1981-07-21', 185, '1CH5UFV1QMWH', 1, 'S0LAFECCKQC', 1, 2, 3, 23),
(82, '1951-02-11', 326, '3N6QMPCC3TT', 1, '1FO320Z631IE', 1, 3, 3, 25),
(83, '1971-01-27', 132, '4GI8FFCAKFUH', 1, '5TWC1XFXD1TL', 1, 3, 9, 31),
(84, '1991-06-12', 374, '1A7W921AIXWN', 1, '563AK65XI1VC', 1, 3, 9, 31),
(85, '1956-07-11', 83, '1EV2X31OPG9', 1, '3ZF280P8PJ6D', 1, 1, 3, 21),
(86, '1972-06-10', 105, '2LI1DV2KQ8HK', 1, '3XC9ZLP4DHE6', 1, 4, 9, 31),
(87, '1984-10-14', 4519, 'PRM5QQELAZQ', 0, '59CC8OBOZ3LP', 1, 1, 3, 12),
(88, '1978-03-30', 382, '2206JLSV4PGP', 1, '38V25CIIQYD7', 1, 4, 9, 31),
(89, '1956-08-27', 6061, '2QLFYXMBRQYU', 0, '575H5MLV9L7P', 1, 3, 4, 18),
(90, '1990-10-03', 4390, '5UMQJR8P87HO', 0, '1982XR0VO6P9', 1, 1, 3, 12),
(91, '1988-05-12', 1876, '56BUKVM3XOY2', 0, '59O1ZD68JRTP', 1, 3, 9, 31),
(92, '1964-05-02', 3284, '5TPXRU6UAZ6U', 0, '4FHWYLJ6T1IO', 1, 2, 9, 31),
(93, '1980-02-16', 492, '4D4M09EZ8HFA', 1, '3C6AUSH32XMW', 1, 4, 9, 31),
(94, '1978-01-21', 102, '3QHV1VEJYFR1', 1, '2S0H8GPWB2MD', 1, 1, 4, 10),
(95, '1958-08-25', 5012, '3VVFOF9GQ7D', 0, 'WMA3NK3LRW0', 1, 1, 9, 31),
(96, '1973-01-12', 417, '3YO8ONVJJYUG', 1, '5LS426AKHV27', 1, 1, 3, 26),
(97, '1962-11-15', 481, '2L2VTX84CZY', 1, '1EJD5PH9J8OO', 1, 1, 3, 29),
(98, '1992-09-16', 60, '1IA1C1WYQKK5', 1, 'WQLT6SMSDSX', 1, 1, 3, 25),
(99, '1954-05-21', 6805, '4DAGHWXE5RMH', 0, '3U7GGXM4DOSQ', 1, 1, 3, 19),
(100, '1953-07-28', 69, 'VVN43QBI2NU', 1, '3UXDJNVEV3BO', 2, 2, 9, 31),
(101, '1973-11-02', 40, '3EAYLH90VEAG', 1, '53SM7PQ0UWFK', 1, 3, 3, 23),
(102, '1964-04-24', 49, '2AWGX5HFN9W', 1, '5O0GNMS5E09T', 1, 3, 4, 10),
(103, '1985-10-08', 297, 'NNETR7XN4HK', 1, '52O90I882M9W', 2, 1, 9, 31),
(104, '1949-05-28', 193, '2PXMEZQ41PD2', 1, '1WELPLHEA8O8', 1, 2, 3, 7),
(105, '2013-03-10', 3221, '246IBTMUQ7IC', 0, '4MBMR88RZ9EE', 1, 3, 2, 16),
(106, '1973-11-24', 154, '3TXJVE5FMXU3', 1, '1XSX6FA6DERU', 1, 4, 9, 31),
(107, '1988-01-19', 73, '5TU3979UT68L', 1, '391HQ5O95Z8A', 1, 1, 9, 31),
(108, '1965-07-04', 2328, '3C4715OVKWAJ', 0, '19C7N0SSO8Y1', 2, 4, 3, 12),
(109, '1993-12-05', 3675, '1ZS4A8GTY9B2', 0, '236FF4TUCG0A', 1, 3, 9, 31),
(110, '1953-01-27', 290, '3PEZ47J5FSQ', 1, '2RTW6CYWO4M0', 1, 2, 3, 19),
(111, '1982-08-03', 457, '40UTEIZMOI91', 1, '4HS0PWDQODB0', 1, 2, 9, 31),
(112, '1993-09-11', 2254, '5Q3ONTWPRF2', 0, '3U2SYM7KXEPJ', 1, 3, 3, 1),
(113, '1969-01-16', 290, '63TBY8GXYQP', 1, '3QOL3AMYHCJV', 1, 1, 9, 31),
(114, '1989-07-18', 192, '1A1TEL4E8JRY', 1, '5V0C5Y6U4I3J', 1, 1, 3, 25),
(115, '1962-11-07', 33, '36I4KONZWA7D', 1, '37X1SKFZZG8S', 1, 1, 3, 1),
(116, '1985-03-24', 6959, '3QJUPNB9QY96', 0, '3F98ZHUKTX5', 1, 3, 3, 19),
(117, '1950-09-04', 495, '3QHTX0PARHZD', 1, '3O04GD9A001', 1, 4, 3, 9),
(118, '1977-10-31', 296, '4MZUY475IUDX', 1, '1CAZJ2PMRKDR', 1, 2, 9, 31),
(119, '1990-09-07', 199, '3P4NTU6A13J', 1, '6STWNYL4Z1L', 1, 4, 3, 19),
(120, '1957-01-11', 372, '3U9NXV0WCJK8', 1, '5W31S8ZA53K3', 1, 1, 3, 1),
(121, '1992-01-18', 4898, '1WJ1N3ABI4FC', 0, '3SOLVOUFK1RM', 1, 1, 3, 29),
(122, '1946-12-18', 117, '1FXY1QT1G9EJ', 1, '4GDD2YIJ5ZU4', 1, 2, 9, 31),
(123, '1960-03-23', 280, '3ZR2AWYACNEA', 1, '4ZJJ46KCUSDP', 1, 1, 9, 31),
(124, '1952-06-19', 248, '1GSJ6DVS09US', 1, '5PH0OP3MNJPD', 2, 3, 9, 31),
(125, '1983-01-10', 34, '2HOOWUF02UWH', 1, '5N8O28OQGWIO', 1, 2, 3, 1),
(126, '1986-07-17', 406, '1I2ABMG0XT7H', 1, '1AMLC8TN72S', 1, 3, 3, 1),
(127, '1981-10-25', 5326, '3582MZLFAP18', 0, '25L1293DQPOU', 2, 1, 3, 1),
(128, '1971-06-02', 149, '588FPHNCBJCM', 1, '3EE6X2NXNPF6', 1, 1, 3, 26),
(129, '1994-05-12', 4357, '349AFG194TUR', 0, '53UIF35CUA5W', 1, 3, 8, 26),
(130, '1964-03-02', 492, '1I6TIPXIBDAU', 1, '2QX98ERCHR50', 1, 1, 9, 31),
(131, '1978-09-24', 6547, 'MIZY84JDQOX', 0, '4GO337SV7BUO', 1, 2, 3, 29),
(132, '1963-02-20', 6998, '9957KOQMJOQ', 0, '2KBA7SCTVR24', 1, 3, 9, 31),
(133, '1976-03-07', 4397, '5PDDG1DH939L', 0, '5UWBC6697TO6', 1, 2, 3, 29),
(134, '1982-08-19', 207, '5W6RWLD40UNL', 1, '51PVFB3D2JPS', 1, 4, 3, 1),
(135, '1983-02-05', 166, '3ROEQR0EO7E1', 1, 'RA2EFBQP99C', 1, 3, 9, 31),
(136, '1984-03-06', 3861, '5V4VCCD8KDGK', 0, '35JNQ7IB0HIB', 1, 1, 9, 31),
(137, '2009-12-21', 231, '4ZNP6SOWR4ID', 1, '4EFQJ4SVVX2C', 1, 4, 2, 16),
(138, '1994-07-15', 94, '4GBUNUDQX2C7', 1, '18VHM46WBA7O', 1, 1, 9, 31),
(139, '1959-12-10', 85, 'MJKIRX0NQS6', 1, 'NJ6UY6MRBRT', 1, 4, 3, 25),
(140, '1988-08-18', 381, '3CBJ9DWAW2QP', 1, '3U1AQFDDYHN8', 1, 3, 3, 12),
(141, '1995-10-17', 1953, '2JV8OMP5E9OI', 0, '3SWKRWYLDCJR', 1, 1, 9, 31),
(142, '1964-09-19', 71, '4ZLDPOKEJ8W6', 1, '4E1B4BGWP4QG', 1, 1, 3, 29),
(143, '1981-10-30', 5323, '51UIQYMFPFQT', 0, '5TMNK15NLEAW', 1, 2, 3, 8),
(144, '1953-04-20', 325, '38SJ5N6J1C3E', 1, '50WD5405JTF9', 1, 2, 3, 19),
(145, '1990-01-14', 148, '4N22ZZHQ97RS', 1, 'TB9OXR98N8X', 1, 3, 3, 26),
(146, '1950-09-07', 22, '561RFU3YRFJS', 1, '1JB8UN9HL6II', 1, 4, 9, 31),
(147, '1994-02-12', 2422, '2L9R3KBEP65I', 0, '2OMUEBIOT4XO', 2, 1, 3, 29),
(148, '1955-07-05', 331, '36KCAKWJ39SX', 1, '3ZFA0BLL8H7L', 1, 2, 9, 31),
(149, '1974-12-18', 290, '2LC0CYR5U26V', 1, '2S440X1WSDBD', 1, 2, 3, 19),
(150, '1992-02-20', 6889, '1YVJKH1NBSY5', 0, '4GE0H3QDM1DM', 1, 2, 9, 31),
(151, '1949-02-26', 1790, 'VI0V4PQFVO5', 0, '35M6U0H5PL7W', 1, 2, 3, 23),
(152, '1961-12-31', 139, '1XZL3NYBBVCO', 1, '5LTTX4Y3L05K', 1, 1, 4, 11),
(153, '1986-11-26', 6597, '5UQG9DGO69OX', 0, 'NNM1VL278YG', 1, 1, 9, 31),
(154, '1995-01-05', 4181, '4M2SD4QRGS4', 0, '3SUQE9PH6ARN', 1, 4, 9, 31),
(155, '1971-11-17', 63, '76QK08Q95VE', 1, '86NCQFZ8EEU', 1, 1, 3, 26),
(156, '1960-12-18', 6561, '2ODE65OP7HX7', 0, '36I28Q3IM74Y', 1, 3, 3, 19),
(157, '1978-12-13', 4739, '2PWXMTYDHI90', 0, '36ACVR3UDBEK', 1, 2, 3, 26),
(158, '1976-05-11', 357, '3EN20GNN9JI8', 1, '59MWNPR26TOI', 1, 2, 9, 31),
(159, '1981-11-01', 247, '4N29HWKRHCNP', 1, '38ZCS7ELDDX9', 1, 3, 3, 25),
(160, '1952-12-20', 429, 'NPJCDJ94YIV', 1, '14JXDMNQR8W', 1, 4, 9, 31),
(161, '1952-01-31', 265, '530UXD42MCM7', 1, '3WK4LBR2OFXS', 1, 3, 4, 3),
(162, '1968-04-13', 54, '36ALNBWQ6L7S', 1, '25BKQFHT80R6', 1, 3, 3, 23),
(163, '1973-06-17', 325, '1KGQAF255YK', 1, 'VHFH62CPPXL', 1, 2, 9, 31),
(164, '1980-04-04', 6829, '5LVUQQPVUGYQ', 0, '3QSMCJV7ZW0L', 1, 2, 3, 26),
(165, '1952-11-15', 6653, '4RMUDKBFLPF', 0, '25TPDPRW2DFD', 1, 1, 9, 31),
(166, '1977-07-02', 243, '1WQWW2OOV57T', 1, 'WPWBS8807MW', 1, 3, 3, 23),
(167, '1973-10-01', 251, '1XXHECN0FQNV', 1, 'WZVVHWIPZ9M', 1, 2, 3, 23),
(168, '1979-09-04', 67, '3SZEFGC20N2M', 1, '52WU2KN2MR7B', 1, 3, 3, 12),
(169, '1981-04-29', 303, '36SJJISYYBYI', 1, '57LIUYFED1C4', 1, 2, 9, 31),
(170, '1973-03-29', 186, '38WYI58537Z1', 1, '4CWGPYOLL53D', 1, 2, 9, 31),
(171, '1989-01-24', 4159, '555IN8RSTUPY', 0, '411QWA213NDX', 1, 3, 9, 31),
(172, '1968-02-25', 5250, '24H0EW0W5MD6', 0, '4ZD2QG1S6QNM', 1, 4, 4, 18),
(173, '1983-09-30', 6030, '3QS4XK1HU705', 0, '35JKIM5EBQPE', 1, 1, 9, 31),
(174, '1969-11-27', 2990, '4E8YXMZCJJKT', 0, '3D25PNZ2QF67', 2, 3, 9, 31),
(175, '1984-02-25', 2654, '2QVEZY4FOS4H', 0, '3EMBH7YV9YHM', 1, 4, 4, 18),
(176, '1976-02-29', 324, '4E2P86BJQCTC', 1, '3WGAO2KFL4Z9', 1, 2, 3, 21),
(177, '1993-07-12', 44, 'MX3ZQWBI5WG', 1, '25T05QJ0ZNXZ', 1, 3, 9, 31),
(178, '1975-01-07', 184, '573E7T7MQFKM', 1, '1XN3JUIFZIZ2', 1, 4, 3, 1),
(179, '1993-07-31', 358, 'VW1SZRFZJCN', 1, '52WCF5QT6WCO', 1, 3, 9, 31),
(180, '1975-06-18', 1520, 'SCKYVWNW8MD', 0, '36BZX7BTN7WW', 1, 3, 3, 29),
(181, '1965-12-17', 1662, '2RW7T9RO92YG', 0, 'Q65FQ43UIIA', 1, 3, 3, 21),
(182, '1949-06-05', 168, '3V346K2AMKO1', 1, '1J2OP4XQTP2P', 1, 3, 4, 10),
(183, '1989-11-13', 1410, '2RW4LXPGENX5', 0, '1FPSFVZS9ZJ9', 1, 1, 9, 31),
(184, '1953-10-17', 298, '3YQO06D9USZ0', 1, '3WE6R0ZZU8XX', 1, 4, 3, 26),
(185, '1968-05-11', 220, '3JO9OYLIUJS', 1, '5NYG8HCFFNX5', 2, 4, 4, 10),
(186, '1977-01-18', 293, '5VZ1IEWR4Z37', 1, '1FRWYS4C7U6D', 1, 3, 3, 23),
(187, '1993-11-24', 24, '5N0VB7DR74C4', 1, '39MVMAPCBJNA', 2, 3, 3, 7),
(188, '1979-09-04', 205, '58K0LTKE16KI', 1, '1H3ZWFXCLECS', 1, 1, 5, 17),
(189, '1990-03-16', 247, '1IY9CSBTCYP0', 1, '3TJ0XOVXBO8', 1, 4, 3, 9),
(190, '1951-09-29', 318, '1Z317QJURGZ1', 1, '52QI3294MBYW', 1, 2, 3, 29),
(191, '1985-11-29', 3934, '4QBAUV3154L', 0, '4IULEOYYNKAW', 1, 4, 1, 6),
(192, '1976-12-02', 249, '25NRMOL6JITB', 1, '39NKZOGPOV6X', 1, 4, 9, 31),
(193, '1956-06-19', 204, '4F70K079DQ3J', 1, '2OCP36MUABMX', 1, 2, 3, 29),
(194, '1990-06-13', 395, '3UB9H57F2PZ0', 1, '553HZ883S0NO', 1, 3, 3, 12),
(195, '1948-11-04', 495, '56HS6CLAOHWW', 1, '23GM89M965UD', 1, 2, 3, 9),
(196, '1964-08-02', 163, '3WCE62I6WN7O', 1, '24D6NAU1VLQX', 2, 3, 9, 31),
(197, '1981-02-09', 2524, 'MJLSJI9PI2P', 0, '4IM1YZHF674L', 1, 2, 3, 21),
(198, '1960-11-24', 3772, '4TQU2TWWFKN', 0, '540VZNH4MKXN', 1, 4, 3, 29),
(199, '1987-10-09', 6902, 'VDROGTP2ZXR', 0, '5RBJLHKZU26E', 1, 2, 3, 26),
(200, '1962-12-06', 2018, '4L5P3E81V96Z', 0, '24HE737TU1Z4', 1, 4, 4, 10),
(201, '1994-02-09', 84, '3X6F3AO2JURH', 1, '5LQI5Z4IH2J8', 1, 1, 4, 3),
(202, '1965-08-07', 466, '24OW2JTPPKGH', 1, 'T74LZ7DC9V0', 1, 4, 9, 31),
(203, '1952-11-08', 5748, '5UWW98HEZGXX', 0, '39TMFMU0HPOW', 1, 3, 9, 31),
(204, '1973-08-13', 150, '3QYEH6SOUYAP', 1, '1CB6R12LKNHC', 1, 4, 3, 21),
(205, '1985-11-18', 127, '4IG6J16IZP64', 1, '9344JH3BP2E', 1, 2, 3, 25),
(206, '1969-12-28', 3357, '3WIFYU86ZGX9', 0, 'NVNOS73Y9J9', 1, 3, 9, 31),
(207, '1953-10-22', 6352, '25N9NXPWTKLV', 0, '1VIUQ3XTDIVY', 1, 2, 3, 21),
(208, '1976-03-15', 175, '4HDOIBBVFR6H', 1, '4GK0ZCJ5HW43', 1, 1, 3, 12),
(209, '1948-01-31', 128, '5O98FRQAFTEW', 1, '5SFZH37NBMHC', 1, 4, 3, 7),
(210, '1991-12-24', 158, '2J0W0ARNGF8Z', 1, '1A07V0VK4SR2', 1, 1, 9, 31),
(211, '1991-08-08', 156, '2I4NJAGL1T60', 1, 'WS07GCNXH7K', 1, 4, 9, 31),
(212, '1947-08-15', 249, '558Q2W3QXC0E', 1, '54ZJ7LPL9OMD', 2, 3, 4, 10),
(213, '1947-04-02', 282, 'UH4BYW6XYAC', 1, '1C8KQZYS2TO4', 2, 4, 9, 31),
(214, '1948-05-28', 234, '3ZP246BVCX2M', 1, 'A9CZ1ZJP68R', 1, 4, 3, 25),
(215, '1961-12-28', 375, 'A5C02WVK5KS', 1, '1CJ9KH1MDR6F', 2, 3, 4, 11),
(216, '1959-02-25', 4336, '55BKDKM9LRUK', 0, '3T0SQTX1ZLF2', 1, 2, 7, 30),
(217, '1973-02-21', 94, '4E1L4Y6H187G', 1, 'ADLULHN0TTD', 1, 2, 3, 8),
(218, '1968-09-24', 4371, '23B6JFL4BIKL', 0, 'VVJYHCD5ITN', 1, 4, 9, 31),
(219, '1993-04-18', 6335, '1WQLTLDDTTIV', 0, '5NA679CC65VS', 1, 1, 9, 31),
(220, '1959-03-12', 81, 'AHIN32DIF14', 1, 'MOPFLM1X9DR', 1, 4, 3, 9),
(221, '1948-02-05', 167, '96PVZB33XFU', 1, '3475G8WA1W2R', 1, 3, 3, 29),
(222, '1971-04-19', 485, '217YXISEG4BW', 1, '58CJZHOL4EY1', 1, 2, 3, 1),
(223, '1991-03-31', 2382, 'SIV539WQ79F', 0, 'MR589GP75DZ', 1, 3, 3, 23),
(224, '1954-10-20', 241, 'NXX0V5899ES', 1, '19YHSO070C3S', 1, 2, 4, 11),
(225, '1950-10-10', 3736, '1BAWLQZ6X64Q', 0, '4ISZC8ZNWCBG', 1, 2, 3, 9),
(226, '1983-11-30', 6087, 'EGC92ZIMW6', 0, '2RVQEDWLVZP8', 1, 4, 3, 7),
(227, '1957-12-09', 3063, '3WA9MJDP1DVZ', 0, '1DF84XM2LD8M', 1, 3, 3, 29),
(228, '1953-01-06', 411, '5QEZBE6JRANP', 1, '1HU8OLU9294N', 1, 2, 9, 31),
(229, '1990-08-23', 282, '25LQ2W36VL0O', 1, '1ZVR6YI7IIFT', 1, 3, 9, 31),
(230, '1991-09-07', 484, '4ZS0CN6QCPIP', 1, 'S2TNDOHQT9T', 2, 4, 3, 26),
(231, '1962-11-27', 5466, '5QAYOCD78AZM', 0, '2QPGUXQ1DYDJ', 1, 2, 9, 31),
(232, '1985-02-24', 171, 'URWQINLO9T4', 1, '5RK118WJ1N9D', 1, 2, 3, 29),
(233, '1982-02-01', 5995, '1EVNH39HK02V', 0, '4N8AKF2SL0E9', 1, 1, 3, 26),
(234, '1973-07-06', 377, '1J57ZVRXTWRA', 1, '1DB2SS0RZ0YM', 1, 1, 3, 29),
(235, '1970-02-26', 492, '2OGIUIZ5NOI1', 1, '2243PQFTJ2CI', 1, 3, 3, 12),
(236, '1988-11-07', 343, '1B4FKA45UADH', 1, '9HLORFMRGAI', 1, 3, 9, 31),
(237, '2016-12-07', 172, '4FB6GI35CIR7', 1, '3YEH5DOIIMBK', 2, 1, 2, 16),
(238, '1958-12-17', 116, '2K3XR21YD76Y', 1, '36I0LXFI8KNP', 1, 4, 3, 23),
(239, '1965-03-27', 125, '89CEZGPQGI5', 1, '4GHEZOZAAH34', 1, 4, 3, 1),
(240, '1961-03-17', 343, '2K43S9NQ3G3Y', 1, 'MPBW0OGWM8Z', 1, 4, 3, 9),
(241, '1956-07-08', 81, '3EC8B6GBDSTR', 1, '3DGDP68VAI4W', 1, 2, 3, 1),
(242, '1987-03-07', 413, '5NYUQSRQBZ00', 1, 'S8N2M3WEIK7', 1, 4, 3, 23),
(243, '1954-08-05', 2576, '24JFGTQT6QFX', 0, 'R85MZNPCDBB', 1, 2, 9, 31),
(244, '1957-06-10', 385, '4HLY0T30HGDJ', 1, '2MEHNQUSDL41', 1, 4, 9, 31),
(245, '1990-11-19', 211, '1Z3TQERH9UKA', 1, '34B6UPWQJALF', 1, 4, 9, 31),
(246, '1953-03-14', 410, '5O6G3DJUZEY3', 1, 'WJQRMQK0Q5Y', 2, 1, 3, 7),
(247, '1980-03-30', 290, '2N8GG2WM0S8D', 1, '3AXGQ9BC25ED', 1, 4, 3, 19),
(248, '1948-12-28', 5127, '5RD9SLQPFYCN', 0, '40VIFXQCQV8H', 1, 1, 9, 31),
(249, '1993-01-22', 1753, '1JCRB2PXHSNW', 0, 'NTKFBGXWU2A', 1, 4, 9, 31),
(250, '1985-12-16', 209, '2S885P0MJOLX', 1, '1WP3DGSV2LY8', 1, 3, 3, 23),
(251, '1975-03-28', 278, '4EB6975REI05', 1, '5TMBGWU1RPN7', 1, 2, 9, 31),
(252, '1964-01-20', 62, '38NAM7BGBCYD', 1, '2NF3SVXCYENW', 1, 4, 4, 18),
(253, '1976-04-06', 179, '5TKMHAKVY8AU', 1, '56DRJA8ZU855', 1, 1, 3, 7),
(254, '1983-02-18', 476, '4ZSFRGTP20O', 1, '25NGQMW9RBOT', 1, 1, 4, 3),
(255, '1958-11-21', 2884, 'Q8DH0FSZTO3', 0, '4II7I814M5WV', 1, 2, 3, 26),
(256, '1976-11-24', 377, '22AGF0NOKOVU', 1, '3QJYB961COID', 1, 2, 4, 10),
(257, '1981-10-15', 295, '1CH0SETROJY9', 1, '2OFERKHH7JAH', 1, 3, 9, 31),
(258, '1975-07-28', 244, 'WQL7IHRP6WX', 1, '3C6BYF1N00XH', 1, 3, 3, 29),
(259, '1988-06-10', 177, 'NX3RC3R49BF', 1, '3QM3OJ0QLQWA', 1, 1, 9, 31),
(260, '1950-12-29', 34, '5SECVB0ISI81', 1, '4EDHXVH2S5HQ', 1, 1, 9, 31),
(261, '1995-09-20', 4350, 'WM62JZ36CKT', 0, '1I6WKSKQ2AND', 1, 3, 9, 31),
(262, '1995-02-07', 106, '1B41G0NZSMY5', 1, '3BVF7ACMOL3N', 1, 1, 3, 19),
(263, '1981-04-16', 59, '40YTFYVFLMAM', 1, '1DGUGU1SFY3G', 1, 4, 3, 12),
(264, '1954-06-04', 487, '25F2UC8PLYCV', 1, '4JKFPZSW2LP', 1, 1, 3, 1),
(265, '1954-04-28', 353, '3B3WT6X1CGPR', 1, '4IK0OV3FMB8U', 1, 1, 3, 12),
(266, '1961-11-15', 113, '1J2ID41FVJ6K', 1, '58G5ZIT1GVW6', 1, 4, 9, 31),
(267, '1979-01-03', 488, '1VQF3LGP2DQO', 1, '3SR4152H4SDX', 1, 4, 3, 1),
(268, '1961-08-04', 351, '2QZVJXWB7EQS', 1, '22C5S3V08QTC', 1, 4, 3, 25),
(269, '1953-09-11', 49, '4ZH8TP65G0HD', 1, '532LB9PWIKZS', 1, 1, 9, 31),
(270, '1976-11-24', 172, '58KAKBM0R1YZ', 1, '2QTIPPJXB47K', 1, 4, 9, 31),
(271, '1979-12-02', 5889, '1CIKBD4VR4UC', 0, '4GK5KXX24J4P', 1, 3, 9, 31),
(272, '1976-12-13', 6639, '1A28NMXFPKX8', 0, '1DINDVEZM6BF', 1, 4, 9, 31),
(273, '1973-04-15', 468, '4G9FUQN7VXTG', 1, '557CC1ADAX8T', 1, 2, 3, 19),
(274, '1971-04-11', 380, '3QIIXM0R26VO', 1, '4IU4JOL9760G', 1, 1, 9, 31),
(275, '1955-05-15', 426, 'WZR5OS8ZA9G', 1, '2NKJHG1WSS5T', 2, 3, 9, 31),
(276, '1954-05-01', 404, '3PC2MUX2ZWP', 1, '4L70I1YWNRWH', 1, 4, 9, 31),
(277, '1968-09-14', 5689, '5RSA3QGLWP7K', 0, '2NIJ9LT9H892', 2, 4, 3, 25),
(278, '1956-04-27', 181, '35A9TKT6IZV3', 1, '3ARPFZ2OCVGR', 1, 1, 3, 9),
(279, '1978-01-08', 141, '2265GZRRJS34', 1, '6YUYJDREORC', 1, 3, 3, 21),
(280, '1964-11-13', 467, '52O1Y0QFF4B8', 1, '21XZEDXQATFA', 1, 3, 3, 29),
(281, '1953-11-23', 1649, 'ID1RU6WIY5', 0, '4F5TY9LNLRJB', 1, 3, 9, 31),
(282, '1963-09-04', 134, '51O97BYGMR7Z', 1, '2HR80GOFOV3S', 2, 2, 9, 31),
(283, '1965-12-09', 464, '5SDVXRVHN8K8', 1, '2P4FT5NZHXG', 1, 3, 3, 8),
(284, '1957-08-27', 316, '1VQIJ6NDI8S5', 1, '40SWRLRK7RU0', 1, 4, 9, 31),
(285, '1985-10-20', 387, 'QW5UVWR8NBP', 1, '2HWKEDZTNXEV', 1, 3, 4, 3),
(286, '1955-04-02', 167, '2H5BZAMYYZL', 1, '193NNL5OECIF', 1, 3, 9, 31),
(287, '1968-11-28', 152, '25DEA21W9TSM', 1, 'Q1TI25E8868', 1, 3, 9, 31),
(288, '1973-02-14', 213, '8DHEHST1FY', 1, '50JGQ0XJ3UO3', 1, 1, 3, 29),
(289, '1983-01-18', 3636, '1FRP78LIN066', 0, '8AE1BKOS6Z', 2, 3, 3, 21),
(290, '1972-10-07', 248, 'Q62BYTUZK10', 1, '1FJD64XM9PTO', 1, 2, 9, 31),
(291, '1953-05-03', 4704, '1B659NMSPR35', 0, '1EVYRRX4CN2G', 1, 4, 9, 31),
(292, '1974-01-11', 243, '3W33GM676UC', 1, '4ZPH29ZL0F5Y', 1, 4, 9, 31),
(293, '1978-08-06', 148, '18ZTBM0O133C', 1, '1B20G5QPM58O', 1, 2, 3, 19),
(294, '1989-07-05', 2357, '2NL1SB2ZIRKG', 0, '3QQPJDINA0FL', 1, 4, 9, 31),
(295, '1987-08-30', 5306, '3YAO5IWI6TPM', 0, '18TO46PI7IAN', 1, 3, 9, 31),
(296, '1956-11-26', 230, '1ZZD5Z69QCYW', 1, '2IVQNBIJE2XY', 1, 4, 3, 26),
(297, '1954-06-01', 392, '5N88ZZZ4MV7F', 1, '1FXU9UFYP6SX', 1, 1, 9, 31),
(298, '1982-04-11', 345, '1HUUIQPFT8MQ', 1, '23F7LDLCBR86', 1, 2, 3, 1),
(299, '1978-09-19', 6077, '94XYXG88O02', 0, '57I2W7P30M21', 1, 1, 3, 25),
(300, '1985-09-13', 1683, '4CYZ909IS4PX', 0, 'UBLN0J9UFZG', 2, 1, 9, 31),
(301, '1983-07-16', 435, '6U91HMKXUC9', 1, '4E8UTO3K0DVS', 2, 4, 3, 23),
(302, '1960-06-01', 78, '51K4I0TKXI15', 1, '4HOO00WGLNGD', 1, 1, 3, 26),
(303, '1953-11-24', 204, '19YHK38DO4T9', 1, '5M2DW317PH9X', 1, 1, 4, 3),
(304, '1977-01-10', 1205, '3C1KFT4BGOSL', 0, '4JPAJ2T5IDC9', 1, 3, 3, 29),
(305, '1955-02-12', 275, '2EYJPKH0BET', 1, '36COL4PWOTYH', 1, 1, 9, 31),
(306, '1957-10-18', 147, '39PE5OKR5291', 1, '5SM7R8UTSRZ9', 1, 4, 3, 23),
(307, '1990-01-17', 102, 'TJ4DOML5AKC', 1, '1XT4YSTI9OPK', 1, 4, 3, 23),
(308, '1958-06-19', 3374, '50W9BUWAPKNG', 0, '5MW9871ESCJ9', 1, 4, 3, 7),
(309, '1957-05-13', 3035, '5NYS6XQTJH56', 0, '3E4ANZ60GNW7', 1, 2, 3, 25),
(310, '1995-08-25', 2722, '3RQW3B573ZQJ', 0, '1989JC0FZOUT', 1, 4, 3, 9),
(311, '1992-06-12', 302, '35DWO38681PZ', 1, '50FIFKFCC0W5', 1, 2, 9, 31),
(312, '1954-07-14', 462, '212E8E5HPNKQ', 1, '1ATPH3S9IXK', 1, 3, 3, 9),
(313, '1979-09-24', 167, '4GQ342PU1KIO', 1, '4L7ITZ9NHM5N', 1, 1, 9, 31),
(314, '1958-01-18', 372, '18U2R5JKLZHO', 1, '4ZN9QE4UQNTL', 1, 4, 3, 25),
(315, '1988-01-15', 126, '2OCNTIEN06CG', 1, '3UXJPLULSB9L', 1, 4, 9, 31),
(316, '1963-11-27', 327, '3CBKOQ1RLZQS', 1, '5TO20TUJ6XJC', 1, 3, 3, 26),
(317, '1994-08-30', 89, '2QR7MDVCB0X2', 1, '5UV2OAZ48ZVQ', 1, 2, 3, 19),
(318, '1964-01-22', 6489, '1I4TMEVOVO3W', 0, '40IPUK48E75P', 1, 4, 6, 28),
(319, '1970-07-14', 312, 'WY1T1IS60F2', 1, 'TNAAES3GVW4', 1, 4, 3, 12),
(320, '1986-04-23', 133, '3EAX6DVTQB83', 1, '1FJCMV57QBBL', 1, 4, 1, 6),
(321, '1975-04-04', 291, '3NWWT4OPQ4C', 1, '2QZV7UNE0WIX', 1, 1, 3, 26),
(322, '1963-09-15', 2826, '76JUVTR1EGS', 0, '2KDSMHAOLHJ0', 1, 2, 9, 31),
(323, '1978-02-12', 122, '4LZ55K3ZSP6F', 1, '1HS3WYK2VBXY', 1, 2, 3, 26),
(324, '1964-07-15', 163, '1ELVQQX3D0H4', 1, '23EEHY20DQKL', 1, 2, 3, 26),
(325, '1971-10-07', 248, 'UD75Q373AW5', 1, '2LA5WQ36CJEM', 1, 3, 4, 3),
(326, '1957-05-19', 2887, '38L9O492S84S', 0, '4JV3EW1ZPMX5', 1, 2, 3, 26),
(327, '1988-01-30', 138, 'U8YONKBUXTS', 1, 'NPUF0N5SQK6', 1, 1, 3, 9),
(328, '1989-01-17', 251, '3BVT8SGA1AZS', 1, '2I5BUPS72023', 1, 1, 3, 19),
(329, '1985-02-23', 477, '4M3SQ0ME9TBX', 1, '7YRP1PPUR9M', 1, 3, 3, 12),
(330, '1984-04-05', 1250, 'S70Z3BIPHM9', 0, '3V3MJG3FGJQG', 1, 4, 3, 7),
(331, '1975-07-22', 3662, '1CN8O75YOHK', 0, '4HBV79HHVDAV', 1, 3, 9, 31),
(332, '1966-08-05', 479, '2PNDONIAG63D', 1, '342073DA45VV', 1, 4, 3, 23),
(333, '1960-01-09', 110, '4GJMHXGGIE7V', 1, 'NTN303V2RWZ', 1, 1, 3, 9),
(334, '1955-02-18', 110, '34B9VONF0E28', 1, '5SOCJBDHMW22', 1, 3, 3, 29),
(335, '1957-08-08', 294, 'NIZRJ7MPZ1Z', 1, '52WC24KXCNNF', 1, 1, 9, 31),
(336, '1983-11-19', 487, 'OS8MJ4R7811', 1, '40TORPV9Q1LV', 1, 2, 3, 12),
(337, '1963-02-22', 443, '1GY8TXHQXC8D', 1, '4G9NCE5UDNU4', 1, 3, 4, 11),
(338, '1990-07-17', 232, '5QD6X5SWQCWI', 1, '25N8VUEJJXVP', 1, 1, 3, 25),
(339, '1989-11-27', 79, '3B57OIFH82EO', 1, '2OLCCP60T1PX', 1, 2, 9, 31),
(340, '1978-05-02', 3334, '25CYNY0WWNT6', 0, '4M9PJAOE9TZ8', 1, 1, 9, 31),
(341, '1991-07-17', 156, '199EVZNIOK4J', 1, 'WM8EJODXQP4', 1, 3, 3, 29),
(342, '1979-05-18', 490, '4E7MVW9XQ8D1', 1, '3U5174RTSMZ8', 1, 3, 3, 12),
(343, '1995-12-04', 188, '203ANI7S7UQI', 1, '3ZMIZZWFUBTQ', 1, 3, 3, 12),
(344, '1992-09-14', 21, '1YTR4XPSM433', 1, '3XGM42W4TLMX', 1, 3, 3, 26),
(345, '1983-03-16', 2684, '2QTTZ6PV513E', 0, '3D26H39OQBC9', 1, 1, 3, 29),
(346, '1986-08-26', 278, 'MN750RBX9NR', 1, '5MUIO68P41QI', 1, 1, 3, 19),
(347, '1958-11-20', 53, '3W9Y49TRHB8D', 1, '6WOJRA0EMXY', 2, 2, 3, 7),
(348, '1968-02-09', 6292, '2I4QL1FHFNHK', 0, '25TL050QA1C4', 1, 4, 9, 31),
(349, '1947-10-19', 3830, '3ZMXPRGMZ8T3', 0, 'ENTF4O2OU6', 1, 4, 1, 6),
(350, '1959-09-24', 280, '345J21KM8FU0', 1, '58IM64XI2YZ2', 1, 1, 4, 3),
(351, '1954-07-10', 436, '36EFKAEQ5U3P', 1, '16NNGQF2AN2', 1, 3, 3, 1),
(352, '1955-05-13', 6229, '3TXOFD23I4DH', 0, '39N8UDH754RC', 1, 1, 9, 31),
(353, '1984-11-18', 235, '4L7B6H4NIK5W', 1, '39QSLZ2M0M2S', 1, 3, 3, 21),
(354, '1994-12-13', 485, 'MP8FJU9PX6W', 1, '3SOHNQYBJE2U', 1, 2, 9, 31),
(355, '1995-11-12', 322, 'UL635DVWLKC', 1, '5VWXBWGOK7Z8', 1, 1, 3, 26),
(356, '1987-08-18', 255, '1ETBAVYJQQW1', 1, '51HLS7WZEG8G', 1, 2, 3, 19),
(357, '1992-08-01', 460, 'SINIXRRDB77', 1, '4U9WC2JWD3C', 1, 1, 9, 31),
(358, '1984-10-06', 342, '3A3ITPN89AXX', 1, '4LZ1DPZZH210', 1, 1, 3, 8),
(359, '1965-01-14', 434, '35G0XFCFEMNC', 1, '5VWTP8UX0VMP', 1, 2, 3, 23),
(360, '1972-05-03', 89, '9FBO726PAHX', 1, '1D1IYS0EVLX', 1, 1, 7, 30),
(361, '1947-05-22', 146, 'O1U6C9F1482', 1, '50FLQVF48G8J', 1, 4, 9, 31),
(362, '1984-09-30', 24874, '58IEC70NHATF', 0, '1WIDMF3GDD93', 1, 2, 9, 31),
(363, '1949-08-21', 6733, 'Q69YH6VGVK6', 0, '51JUKWXEDJDL', 1, 3, 9, 31),
(364, '1952-12-27', 110, '24J8N5EMUFR2', 1, '2332XIGWAJ5E', 1, 2, 9, 31),
(365, '1968-03-14', 389, '5V4WGLEDFSQ3', 1, '3V53QD2PP0X5', 1, 1, 3, 8),
(366, '1993-07-26', 63, '58A93MPHV6LX', 1, 'R04DA7EVRD6', 1, 4, 3, 29),
(367, '1965-07-21', 176, '4GFWE1I2INR5', 1, '40ZQQARMROGT', 1, 2, 3, 26),
(368, '1991-08-30', 3243, '4F99C3YUQM8V', 0, '2RYFBDLMQ7KY', 2, 4, 3, 1),
(369, '1952-11-03', 167, 'NPCI1ZJTX9L', 1, '3VF7YNMKOV2X', 1, 1, 9, 31),
(370, '1979-11-19', 243, '2KDF5MF01F0H', 1, '4IMJM6015WSU', 1, 4, 3, 1),
(371, '1979-02-22', 105, '4N9XS3P3RA1R', 1, '2MM56WTTUQ3V', 2, 1, 4, 10),
(372, '1956-05-28', 431, '4ZRX8XOWGWXU', 1, '2PVEL7CV5RCD', 1, 2, 9, 31),
(373, '1994-09-08', 289, '1WUOAQTRQVGE', 1, '5MYHG2RYAE44', 1, 1, 9, 31),
(374, '1992-07-14', 5967, '24P35QV73O4L', 0, '2OKIR2A9F3EH', 1, 1, 3, 25),
(375, '1958-04-03', 1736, '1XVJB6X0T8SO', 0, '1GQ6DVPL0UR4', 1, 4, 3, 1),
(376, '1979-04-15', 205, 'MR9LKLPBV1J', 1, '23CH8ED7GW5K', 1, 2, 9, 31),
(377, '1967-05-21', 216, '3RXBNRGWF1J', 1, '5SJWTCRSTC1Z', 1, 1, 9, 31),
(378, '1973-04-11', 424, '1YT4EDFA7GOB', 1, 'R20X1E69GS4', 1, 4, 9, 31),
(379, '1972-03-15', 415, '995XGQ8WY09', 1, '5RRE0U44TNKL', 1, 3, 4, 10),
(380, '1970-01-12', 286, '3DC9EMZP2B58', 1, '1FW9UJZ107IX', 1, 1, 9, 31),
(381, '1959-08-19', 5785, '36KS88W2EU30', 0, '1CKZGHRE0N8D', 1, 4, 9, 31),
(382, '1972-05-27', 139, '4HMDF7VCV06I', 1, '5UZ7PZ00OJ4L', 1, 1, 9, 31),
(383, '1965-09-30', 1226, '51K20GOS5RRS', 0, '5VYTXB79UVEK', 1, 2, 9, 31),
(384, '1971-11-20', 469, '25JFU7J3TVRV', 1, 'TF0THVWLCHW', 1, 3, 9, 31),
(385, '1994-06-28', 449, '4M5KRQ0SFXEK', 1, '1ELRM1ZLVO1L', 1, 1, 4, 11),
(386, '1974-04-09', 310, '54WYFA9XDBWZ', 1, '2M8H4EVAZV9L', 1, 4, 6, 28),
(387, '1990-09-29', 208, 'OPIT8Y2HEPB', 1, '2KBEL5TNRV5G', 1, 4, 9, 31),
(388, '1981-06-28', 363, '57G78S6OQZA9', 1, '1CMDH4W7K3I5', 1, 4, 9, 31),
(389, '1994-05-04', 279, '52UISMM3UG3O', 1, '39XNT17NGECR', 1, 1, 3, 23),
(390, '1981-07-29', 36, '579XEGWR14JS', 1, '1FXN5F5ZWIT4', 1, 3, 5, 17),
(391, '1971-10-30', 392, '40ORK9LPOVNF', 1, 'Q69DGX54ZHI', 1, 2, 9, 31),
(392, '1958-03-06', 390, '22E650APMBCG', 1, '36MG9CKHI5HT', 1, 1, 9, 31),
(393, '1994-04-10', 304, '76N6H3VXR2P', 1, '3B63LZX9HSIG', 1, 4, 9, 31),
(394, '1969-06-19', 6517, '3D4B279ET942', 0, 'S8VE58BMIMZ', 1, 4, 3, 9),
(395, '1966-02-22', 5669, '40J854UN10GR', 0, 'NZPAESK9GSZ', 1, 2, 9, 31),
(396, '1959-11-14', 82, '93LQK7NN3FQ', 1, '2JD7GRXWID2', 1, 3, 9, 31),
(397, '1982-09-10', 3731, '3WK813O8X7CA', 0, '5P6U8H4CE27M', 1, 1, 9, 31),
(398, '1992-11-05', 178, '5SS37HV0RE2X', 1, '546TN191D7LO', 1, 3, 3, 1),
(399, '1994-10-29', 371, '3XDSMMWTFSF6', 1, 'OY7DRV0TUVS', 1, 2, 4, 3),
(400, '1960-02-13', 70, 'Gervoise bleue', 1, 'La bombe à fission a explosé \ndans l’atmosphère en générant une puissance estimée à 70 kt (70 kilotonnes)', 1, 1, 4, 18),
(401, '1958-04-14', 287, '3ROVVL27PPMK', 1, '25REHH71RA2N', 2, 4, 3, 29),
(402, '1976-06-27', 431, '57DRK27RTA5C', 1, '4ZS0DXAUOLG2', 2, 3, 3, 12),
(403, '1979-06-26', 377, '82TYGO5OVA1', 1, 'QWSEWD3M4DU', 1, 3, 3, 7),
(404, '1980-08-07', 438, '4N7ZUES7J136', 1, '224HPJK5EKYY', 1, 2, 3, 12),
(405, '1958-01-07', 386, '5PCNGE4OGL06', 1, '25DAFXSTBW9A', 1, 4, 3, 25),
(406, '1976-08-26', 293, '2HXI1MZQSCEI', 1, '1XOMJY4CEROH', 1, 3, 3, 26),
(407, '1993-09-29', 352, '5O8UMYYQH9DF', 1, '3A3OTM5HJO6C', 1, 2, 3, 29),
(408, '1958-03-01', 4540, '205Q5EUVC15X', 0, '5TLY5E50DO53', 1, 1, 9, 31),
(409, '1984-04-04', 206, '1YRG173U3R29', 1, '34BL5S2IA5O7', 1, 1, 9, 31),
(410, '1955-02-28', 5177, 'WZR7L20NWYD', 0, '5M0DH2B2CL51', 2, 3, 4, 18),
(411, '1995-09-23', 5461, '3T5508NMNJ7K', 0, '5MWKA4CYE1L0', 1, 2, 9, 31),
(412, '1981-10-09', 114, '4LZGELWKSL3R', 1, '1XV9C2QKVWUA', 1, 3, 3, 9),
(413, '1963-01-06', 177, '1CH1GKJQG9FD', 1, 'WYFRSPJN7YN', 1, 4, 3, 23),
(414, '1996-01-20', 109, '1A8DCK2PAYEH', 1, '36FXMXH63BOW', 1, 1, 9, 31),
(415, '1947-05-03', 2602, '558XALU11QY4', 0, '2QVJ6NM1Z0MA', 1, 2, 8, 15),
(416, '1958-07-17', 303, '5RDKV65BCQXM', 1, '5VZ8Y579ON20', 1, 3, 3, 25),
(417, '1957-04-09', 201, '56FE5RS5Z2QW', 1, '19A43Q0V0PUJ', 1, 1, 3, 23),
(418, '1960-10-04', 187, '3RKD0ARX88AN', 1, 'GJA97RDESJ', 2, 1, 3, 1),
(419, '1986-03-13', 5802, '4CUJWTV3WIUR', 0, 'MEX56M0Z2Z4', 1, 2, 3, 25),
(420, '1965-08-23', 67, 'P5YAT0FU4X0', 1, '216K5TDZU74S', 1, 3, 3, 19),
(421, '1968-10-29', 2416, '5NAUOXA17SX2', 0, '59E177KE8Z3Z', 1, 1, 5, 17),
(422, '1989-07-27', 386, '4M9BSGJSYALX', 1, '3WC21R4FDRLZ', 1, 4, 9, 31),
(423, '1978-12-24', 402, '1XHBQ953SOQE', 1, '1ABP2UJMR044', 1, 3, 3, 26),
(424, '1968-08-23', 281, '5V4KYNHO0DQS', 1, '1WIN8CTOMG0S', 1, 4, 9, 31),
(425, '1965-07-28', 2380, '3WDGT73FHJSB', 0, '3E49S1L1DIZG', 1, 3, 9, 31),
(426, '1947-05-28', 5095, '5SU05N2745WR', 0, '4N5KE78BGGPM', 1, 2, 3, 29),
(427, '1975-01-08', 474, '1XMS2CL9NHNT', 1, '4L7LPRIRPBUA', 1, 4, 9, 31),
(428, '1968-12-19', 2943, '2DJDKYZ3FAK', 0, 'R0VPXVOXGZ8', 1, 1, 4, 11),
(429, '1962-09-08', 2613, '5499A4MJFVLO', 0, '2M8MRO8T6TG1', 1, 1, 8, 26),
(430, '1984-11-03', 1490, '3YM5WDTBP16P', 0, 'Q1ZU687FLHR', 1, 1, 4, 10),
(431, '1955-03-05', 378, '2202PQGNZQ0U', 1, '3BW4SZHDI7KK', 1, 1, 9, 31),
(432, '1956-09-04', 473, '4M15732KWTVD', 1, '9BOC7GE1AAP', 1, 1, 3, 7),
(433, '1990-04-24', 25, '3W3VNGFYIKOH', 1, '1BIN2077P7GW', 1, 1, 3, 1),
(434, '1981-01-03', 380, '3VB6MYR8ZHRD', 1, '5UV3DTFV3VDI', 1, 3, 3, 23),
(435, '1955-03-26', 50, '4IK5CFQ9IOZB', 1, '3C64K6CS1C74', 1, 2, 9, 31),
(436, '1969-09-27', 5718, '5RJP9GZAAFX1', 0, '2J72BC2GN898', 1, 4, 3, 23),
(437, '1974-06-07', 346, '3C9TYP3TC99N', 1, '542HD0PLL2RV', 1, 1, 3, 8),
(438, '1979-05-06', 231, '4GM5YULNGCYX', 1, '236BKNEQO5DF', 2, 1, 9, 31),
(439, '1978-02-10', 87, '72BTMDLLPG8', 1, '5MW0XXP321HH', 1, 1, 3, 1),
(440, '1980-02-04', 142, 'ADE03QJ7T33', 1, '4E9KZ5MBYQJ3', 2, 3, 3, 9),
(441, '1984-05-17', 410, '25L238FU8Z3H', 1, '38KKF88B1O8T', 1, 3, 4, 18),
(442, '1955-11-25', 453, '2KBLMSLPMT8P', 1, '2L6227NM84OD', 1, 4, 9, 31),
(443, '1960-10-08', 26, '1YSXD2BJPLM1', 1, '3TYV6E3NUSSO', 2, 4, 3, 23),
(444, '1989-02-04', 110, '2PREBCVULICK', 1, '50RE0IFNZV7K', 1, 3, 4, 18),
(445, '1963-12-06', 71, '1C8JWLW7OMFJ', 1, '532VAWQOCSTY', 1, 4, 4, 18),
(446, '1957-10-31', 191, 'REC0IZBJAHE', 1, '3ZF2PYT64HZ2', 1, 4, 9, 31),
(447, '1995-06-03', 409, '5V2C2XZX6MS1', 1, '355F7ALEWWGS', 1, 4, 9, 31),
(448, '1968-04-09', 399, '57I0ECCOTJGU', 1, '2DB7INN7YDX', 1, 1, 3, 9),
(449, '1971-07-12', 450, '1CB6FYJKXQCM', 1, '2PT3AVEQ8KL2', 1, 4, 8, 25),
(450, '1950-02-23', 362, '2NO0EMLAJK', 1, '56HLA249PA5G', 1, 3, 3, 1),
(451, '1978-03-24', 287, '59SRO1ZNEOLP', 1, '51LNUEBZWLZJ', 2, 1, 3, 21),
(452, '1988-12-02', 5451, '6U25L3WBNYY', 0, '97NA7QSKLT7', 1, 3, 3, 26),
(453, '1952-05-17', 327, '3ECGN65RC9QI', 1, '5WCHT66QESK', 1, 3, 3, 12),
(454, '1969-02-11', 338, '40J44I8ZDBVG', 1, '2OOKNGF4OPOT', 2, 4, 3, 21),
(455, '1972-08-27', 351, '9DBA985UQ7D', 1, '22A2YYEM1SNB', 1, 1, 9, 31),
(456, '1965-05-01', 390, '1VETJG9HYOR9', 1, '199Z0K2TN5N7', 1, 3, 3, 23),
(457, '1977-03-10', 235, '2NIQ5XJLLH69', 1, '5P7IV4ZUB4XF', 2, 3, 3, 25),
(458, '1985-02-15', 202, '56BXMDS5LRDH', 1, 'WSLZK81HB21', 1, 4, 3, 19),
(459, '1976-01-19', 416, 'S8GQ9WXJWGN', 1, '1J99JT2Y25RP', 1, 3, 3, 12),
(460, '1971-12-10', 4453, '212A239VTFQM', 0, '4U64QSGE890', 1, 1, 3, 12),
(461, '1959-01-08', 127, '1XGK5GHMGMYE', 1, '5P8YNSKFFK3S', 2, 3, 4, 3),
(462, '1993-01-30', 3473, '1ABVTWLQVP8Q', 0, '549537X8DP82', 1, 1, 9, 31),
(463, '1995-07-31', 70, '579TNHGNQKL5', 1, '5ZZESIMO0ES', 1, 2, 9, 31),
(464, '1982-07-20', 488, '5UM7TS3TB0SD', 1, '5TSATZGFKL9B', 1, 1, 4, 10),
(465, '1979-02-04', 263, '3UX9P8FBMO0P', 1, '3ZMYG9JY06EY', 1, 1, 9, 31),
(466, '1986-10-14', 368, '4FBS1Q0MA05F', 1, '2N89Q9N56T5M', 1, 1, 3, 1),
(467, '1979-09-29', 3778, '3V6LMVLATSB', 0, '4ZLNNMKVA0J0', 1, 3, 9, 31),
(468, '1967-07-28', 350, '1EX1E77T1N6A', 1, '1CAA9WSIZAGB', 1, 4, 3, 25),
(469, '1971-03-22', 74, '5VVI4BZ5G6WI', 1, '3T6UBLG6UQR8', 2, 4, 3, 29),
(470, '1983-04-11', 66, '9GXDVYH03K6', 1, 'SBB3S5EN8J7', 1, 1, 9, 31),
(471, '1979-08-12', 25, '1DJ1DZOOL7WR', 1, 'VW4IB58AB7X', 1, 4, 3, 23),
(472, '1988-06-16', 3198, '2NCK5FP4GTCJ', 0, 'T9DYCMBL2EW', 2, 1, 3, 7),
(473, '1977-08-11', 1848, '4CZAA5ZBS1YO', 0, 'A3SZCSBBQ40', 1, 3, 3, 9),
(474, '1980-10-06', 2533, '2LBZZWI2STGN', 0, '2J1LSGM3E5JO', 1, 1, 9, 31),
(475, '1990-04-07', 21, '1KPLKUCIJE7', 1, '9B2JH8HIVTD', 1, 4, 3, 25),
(476, '1977-11-21', 377, '1XWR88SZA6WQ', 1, '2ITMNQ3L8QFE', 1, 1, 3, 8),
(477, '1947-11-19', 438, 'UNVPGIOLL4I', 1, '1H1SWD41UHQM', 1, 3, 9, 31),
(478, '1970-11-03', 240, '4FHBDR2VNF26', 1, '1FRB1L1LR6TK', 1, 3, 3, 12),
(479, '1991-10-27', 429, '1VE4900NUC6T', 1, '5SDO52QRAI70', 1, 2, 9, 31),
(480, '1975-07-28', 6728, '5QJM3DNCCPIG', 0, '57BBQRY8Q8L1', 1, 2, 9, 31),
(481, '1977-12-07', 3539, '3EB2GA9XFX8O', 0, '4CUQYM201L8K', 1, 3, 9, 31),
(482, '1985-04-23', 91, '1DKVAOIJAMBG', 1, '4L7J0HX3AB0P', 2, 1, 3, 19),
(483, '1961-06-17', 94, '4GDZ2SPGGYWO', 1, '193JAE51D4HS', 1, 1, 9, 31),
(484, '1954-10-04', 3612, '934P09VPFA5', 0, 'MRD8MZRMLPW', 1, 1, 3, 1),
(485, '1975-10-10', 6558, '4KXBUNLHQUOL', 0, 'AB6V2TG9UW8', 1, 4, 3, 7),
(486, '1985-08-06', 438, '1A0BVUV07GH1', 1, '2MG7Q4M8QT81', 1, 3, 9, 31),
(487, '1956-08-01', 237, '2J34DPGV5UWL', 1, '4FI0WQLG0SDG', 2, 3, 3, 19),
(488, '1960-06-28', 245, '2102J6HCPXF9', 1, '21YDDBWFBZCL', 1, 3, 9, 31),
(489, '1959-07-18', 415, '390VDVSB9BFP', 1, '1GWJNGRMRC0O', 1, 2, 6, 27),
(490, '1988-01-19', 1056, '5SPRIU15Z6T3', 0, '4ZDLIGNLOID5', 1, 2, 3, 8),
(491, '1992-09-24', 217, '4FBP19GF9GX0', 1, '25HSCKYB7WIB', 1, 4, 3, 12),
(492, '1949-10-23', 24, '1WP7PKD9AC9H', 1, '3A1B1713CBEL', 1, 4, 9, 31),
(493, '1973-01-12', 273, '4IKM91M20UF1', 1, 'VJF5YAVCY0T', 1, 3, 9, 31),
(494, '1967-03-10', 6845, '57DD6PQQ413M', 0, '2NCZQYKXTQXK', 1, 4, 4, 11),
(495, '1983-04-02', 1388, '39NCYZUN3ZD5', 0, '3A54YCW8F74J', 1, 1, 3, 1),
(496, '1988-12-22', 323, '2LCHN0M3K0IX', 1, '1IAO5MT9PBMS', 1, 4, 3, 26),
(497, '1989-04-27', 3021, '2064HXK4791Z', 0, '4GDYTQE2N23V', 1, 1, 6, 27),
(498, '1970-05-05', 388, 'MRJ0ZOSS5EV', 1, '1CCWPEOATA6T', 1, 3, 9, 31),
(499, '1960-03-09', 352, '5PJM4UET2A2Z', 1, '3T30PUST5IR8', 2, 4, 3, 25),
(500, '1957-10-13', 6203, '5N8J6KC4ZS5O', 0, '5VRDW15WE6KD', 1, 4, 3, 1),
(501, '1995-05-04', 387, 'WK5TAWCWZ2O', 1, '3XCKQGGEMOVY', 2, 3, 9, 31),
(502, '1952-11-19', 41, '212BHHTL5FMB', 1, '3V5XIL9YVGHW', 1, 3, 3, 26),
(503, '1949-04-19', 371, '5N20APCOBIVR', 1, '246PMQA21RVQ', 1, 4, 3, 25),
(504, '1971-01-12', 3152, '86XWQYUUDGD', 0, '1VKW7JKYMIQM', 1, 1, 3, 12),
(505, '1954-01-04', 278, 'A9KLEFLGY0Q', 1, '54ZDD7CJXN78', 1, 2, 9, 31),
(506, '1973-10-23', 156, '1ENE165A647D', 1, '2JXZOA9RNNNG', 1, 2, 3, 19),
(507, '1958-12-27', 436, '4IT0ZDQFBR00', 1, 'VNS56WICDAJ', 1, 3, 9, 31),
(508, '1969-05-19', 294, '86JHV3PF84B', 1, '3YAFQKVEHJ9H', 1, 3, 3, 23),
(509, '1969-12-24', 151, '5QNR9R60TGEV', 1, '5OCCKUI9M5WJ', 1, 2, 9, 31),
(510, '1973-02-13', 258, '2IVS650K6S60', 1, '3CAGGUL5CUPR', 1, 4, 9, 31),
(511, '1967-11-13', 404, '4GQ3JHE7A0E9', 1, '1V86353HP2E4', 1, 2, 3, 21),
(512, '1971-07-04', 5188, '37EDQRLB16CP', 0, '3A1GY7N0QDC5', 1, 3, 3, 25),
(513, '1948-01-07', 1141, '4HJQACQEO5ZG', 0, '3VFMBRV66CEK', 1, 4, 3, 23),
(514, '1993-06-15', 250, '18Y46TFDDBXA', 1, '3C9UN4Q30ZZ9', 1, 2, 3, 23),
(515, '1994-10-05', 70, '5LXS6WQSHXAN', 1, '1A5QCVU3Z8UP', 2, 1, 3, 7),
(516, '1950-03-08', 4700, '3RU8X9EHOSC7', 0, '1BCT7TSN92O2', 1, 3, 3, 26),
(517, '1971-06-25', 445, '3D6BLCXYO6XU', 1, '1FRHRCY9CXOU', 1, 3, 9, 31),
(518, '1967-10-10', 3783, '5TQS1IDP4E23', 0, '2QR6O2ICZCLR', 1, 1, 3, 1),
(519, '1966-08-22', 298, '2J1FJEB7UFPZ', 1, '1ZPHDHU40P35', 2, 3, 3, 21),
(520, '1951-05-24', 51, 'MJLDKABS3XT', 1, '1XJ5YYA06LM5', 1, 2, 3, 26),
(521, '1954-07-20', 2662, '4K0KJEMKWEJ3', 0, 'IRDIPYK5K5', 1, 3, 9, 31),
(522, '1967-05-10', 376, 'MPLVGTQ890F', 1, '1VECAJWZG2JS', 1, 1, 3, 26),
(523, '1979-09-20', 103, '5QNU2B0Q595W', 1, '1CCA5WG235UG', 1, 1, 3, 25),
(524, '1976-03-10', 353, '3BY868KNYVR1', 1, '4L5LS70FZV0V', 1, 4, 3, 23),
(525, '1981-08-09', 382, '4VS7M12UEXV', 1, '5TKB6ZYOXUZ9', 1, 2, 9, 31),
(526, '1994-02-06', 2109, '36QHMOHYM9U1', 0, '9FHV21OGZ4G', 1, 4, 9, 31),
(527, '1993-09-13', 26, '5Q5ST93635Q3', 1, '3XK4DU172X5D', 1, 3, 9, 31),
(528, '1968-03-01', 54, '5OAVSMMMP07A', 1, '2JZPPUC51WJ1', 1, 3, 3, 26),
(529, '1953-07-14', 5269, '3HR8NPIFB86', 0, '2R42NENYMMG', 1, 2, 3, 7),
(530, '1959-05-04', 379, '2JV5EWT4JYEH', 1, '55AUFAQJQC8C', 1, 2, 3, 8),
(531, '1956-02-21', 72, '5O0HCK8DF5BP', 1, '1I6M3E71NYU4', 1, 4, 9, 31),
(532, '1966-04-08', 36, '1C8VP8QOUKJH', 1, '5VZ4LC6QLF8', 1, 1, 9, 31),
(533, '1961-07-17', 47, '40ZF8ONKU8AF', 1, '1XPBKS5NHBXV', 1, 3, 9, 31),
(534, '1967-05-08', 141, '20W67Z2MU8TE', 1, '2D0SW3IBUS', 1, 1, 8, 19),
(535, '1987-10-25', 4181, 'UJJTUGXV72T', 0, '1I676EWKG9EG', 1, 2, 9, 31),
(536, '1960-06-25', 219, '4DZ003VB9WJX', 1, '1WD3T4X7BU74', 2, 4, 3, 26),
(537, '1947-07-27', 3117, '5LW57SMS8WFG', 0, '2OJGGUOAATSY', 2, 3, 9, 31),
(538, '1979-08-29', 395, '52MJO6FJHOPI', 1, '50E06CF7JXCC', 1, 2, 9, 31),
(539, '1949-03-01', 6839, '38OKIXT8PGH9', 0, '4N9Q4Z567N1E', 1, 1, 3, 25),
(540, '1982-10-16', 333, '4HQ3VYT7CAC5', 1, '4LZ228P8W57J', 1, 2, 9, 31),
(541, '1986-07-02', 463, '3QQ4UQ45URCF', 1, '1FJ83720P3UL', 1, 3, 3, 25),
(542, '1951-03-05', 4192, '3DGE0Z150D1P', 0, '2023VI20VGHG', 1, 2, 4, 3),
(543, '1991-04-29', 235, '38J9ECXDINLI', 1, '2223VFTJ6LE1', 1, 3, 3, 19),
(544, '1969-12-10', 96, '2MC6C6BXQ0LV', 1, '4HO66ENAOWMU', 2, 1, 3, 7),
(545, '1965-04-09', 6037, '1ZQ0METZ6PW7', 0, 'VO9YJNUXX4Q', 1, 3, 4, 10),
(546, '1949-07-11', 94, '3B7XZNFV3PKU', 1, '23KIQ7J8LO1K', 1, 2, 3, 9),
(547, '1969-01-04', 1474, '3V9KB2DHDBPN', 0, '5W0X2QT9YZO4', 1, 4, 3, 9),
(548, '1988-11-24', 355, '1YRP9JNMUFQV', 1, '3C1VIQD7B9MI', 1, 2, 9, 31),
(549, '1978-12-01', 6209, 'P252QVANMUO', 0, '3LABHATGZER', 1, 2, 5, 17),
(550, '1977-01-15', 69, '1YVJY2WBT9CK', 1, '23AMZQEF88JD', 1, 1, 9, 31),
(551, '1991-06-04', 473, 'OPWOEH7WWVC', 1, '4L1CU1A1NM7F', 2, 4, 9, 31),
(552, '1989-05-15', 80, 'WRX08A846SX', 1, '3QFPJNCP1KVK', 1, 1, 3, 25),
(553, '1982-02-18', 184, '4ZJ8J4K3AMLQ', 1, '6LMH1UBK6N', 2, 3, 9, 31),
(554, '1983-12-16', 317, '224OYX19WULA', 1, '5SFZNMXZ9S4A', 1, 3, 9, 31),
(555, '1947-08-06', 447, '579EJ7ULBFR9', 1, '40TB3PJ21M6S', 1, 3, 9, 31),
(556, '1987-09-02', 158, '2353UEUA48NY', 1, '5W1C3G53DX77', 1, 3, 9, 31),
(557, '1968-09-18', 58, 'QYA93FAE1XQ', 1, '2OSZSRVL8J0H', 1, 4, 9, 31),
(558, '1984-01-03', 216, '3DU80NFFKZZ', 1, '5P37RGDWD929', 1, 4, 9, 31),
(559, '1971-01-10', 25, 'SDA15ACDD29', 1, '4II76G8Q6QMA', 1, 4, 3, 12),
(560, '1977-09-18', 187, '3EC4PG7O3S5S', 1, '5OB8UYYQD56V', 1, 3, 9, 31),
(561, '1983-06-13', 3136, '4ZH071IGHCXT', 0, '5RD934LU1U4W', 1, 2, 3, 21),
(562, '1980-10-11', 145, '1VAF204U1XHM', 1, '4FDZLX3O4MED', 2, 2, 9, 31),
(563, '1972-06-23', 36, '3QK1TBRT1SZ8', 1, '5MUC3O8MPZUW', 1, 1, 9, 31),
(564, '1984-05-11', 127, '4ZL9C87YGZ1A', 1, '221W291Q8YH2', 1, 1, 3, 9),
(565, '1949-02-05', 1938, '1KOHD6KTPG4', 0, '3SRALFYMTWBZ', 1, 1, 3, 19),
(566, '1985-05-09', 471, '35MDDZF226S2', 1, '4L500TTH1OFM', 1, 3, 3, 7),
(567, '1960-10-20', 365, '3PTAESRBFYP', 1, '3DBLTDU2CJC', 1, 4, 3, 1),
(568, '1954-05-15', 5864, '4IX12Q6AVI6N', 0, '222AYXPY5K9D', 2, 4, 9, 31),
(569, '1957-05-09', 134, '4XO3F7SXNJJ', 1, '36QSC8UBG7CH', 1, 4, 3, 12),
(570, '1961-08-15', 183, '38SI3TXRZLDX', 1, '4D4EQ1X2KSWS', 1, 1, 9, 31),
(571, '1970-03-09', 39, 'NMZKBCYA5SR', 1, '2M6K1SYRYQO5', 1, 1, 9, 31),
(572, '1967-06-09', 497, '1A69BBOIQQLE', 1, '9H118LT3VP5', 1, 3, 9, 31),
(573, '1962-01-26', 302, '2J1OT6P2DUAP', 1, '1WR0XR7ABCY2', 1, 1, 3, 21),
(574, '1976-07-14', 201, '5TI7W7IJ7DQA', 1, '4EFJ48WHYKUF', 1, 3, 9, 31),
(575, '1965-06-29', 100, '4SCGJTU6WOQ', 1, '4FH5634I9MM4', 1, 4, 3, 12),
(576, '1950-10-18', 2029, '4JYE5LVM59G', 0, '40P6A69Z8Q0I', 1, 3, 3, 12),
(577, '1966-07-31', 134, 'NX3GK4HBKYX', 1, '5743NHVRQY4W', 1, 4, 3, 12),
(578, '1995-04-10', 38, '25J1D5J7KVJO', 1, '55B8GQKWP0GK', 1, 2, 3, 9),
(579, '1964-02-29', 165, '9DLMOQ9Y78I', 1, '37GWP3TT8W1M', 1, 3, 3, 25),
(580, '1978-11-26', 118, '5N4MJZS64A3K', 1, '5TON8WIGMTZC', 1, 3, 3, 12),
(581, '1992-12-05', 179, '3BXTSWKZS0BP', 1, '565HI81XINP3', 1, 4, 9, 31),
(582, '1978-04-18', 391, '1DGT5RH7IPGL', 1, '59SSTHCV8V7T', 1, 3, 9, 31),
(583, '1946-08-19', 117, '3YOVJLBKLV56', 1, '4M321LWR0E2D', 2, 1, 9, 31),
(584, '1975-01-19', 88, '3DCK4EDIU3GS', 1, '34G12XXVTE9R', 1, 4, 9, 31),
(585, '1959-01-19', 306, '3AZRT3V9P7HQ', 1, '3N79WJP43B9', 1, 1, 3, 21),
(586, '1986-09-14', 5937, '2OP5WR3OGBRR', 0, '567M3OT0N07U', 1, 4, 9, 31),
(587, '1978-02-15', 219, '575WT1EIDCQT', 1, 'NVV5BUACYDQ', 1, 1, 9, 31),
(588, '1979-06-23', 289, '2OL5H083FX62', 1, '3V56ZZEPTPRQ', 1, 2, 9, 31),
(589, '1962-11-06', 3348, '5YDPPH1784H', 0, 'MWW0IH0H27Z', 1, 3, 3, 9),
(590, '1970-09-18', 1990, '1J4B5A8KS8AI', 0, '5TS3F503RR6J', 1, 4, 9, 31),
(591, '1960-10-18', 119, 'VS3ZWHAZCNP', 1, '1WT9C86WSCNF', 1, 2, 3, 21),
(592, '1978-10-28', 3872, 'PRN7YPJ2G1H', 0, '1A5R2Z36IWW7', 1, 4, 3, 8),
(593, '1961-03-25', 379, '4IK10YAU2ZA4', 1, '35K8ZKE7U5EV', 1, 2, 3, 1),
(594, '1983-10-06', 154, '2PX82VEPA911', 1, '39PD1QCZZW4M', 1, 4, 3, 29),
(595, '1953-05-13', 269, '2L2E49O3Y20Q', 1, '3QK5YNGL3GM2', 1, 1, 5, 17),
(596, '1988-08-28', 112, '35FNB6JF58P8', 1, '5W8ORFVGV831', 1, 2, 3, 29),
(597, '1983-12-06', 2051, '5Y7B2LHGLHS', 0, '4IU47WLG5U5F', 1, 2, 4, 10),
(598, '1975-05-24', 26, '90744IPFUS', 1, '5V0GIRSSPY5T', 1, 1, 9, 31),
(599, '1987-10-12', 244, '4IGEQOAP9ZHL', 1, '212EL78H6H1X', 1, 4, 9, 31),
(600, '1988-03-08', 375, '1YZ08ZTKD0XD', 1, '2OTJ7U0IO3WC', 1, 1, 3, 9),
(601, '1949-04-05', 240, '1WOIW6WKRSQ9', 1, '191U3L8C53MN', 2, 2, 3, 25),
(602, '1971-04-17', 287, '5QLXYMXHOFWG', 1, '81AZS0T49IE', 1, 2, 9, 31),
(603, '1975-08-31', 366, '4E4U63DZ8LF0', 1, '2HQTBUE9F3AQ', 1, 3, 9, 31),
(604, '1972-05-08', 459, '1HU405G1XIP8', 1, '3XE3BEJRUUHB', 1, 3, 3, 8),
(605, '1952-03-05', 430, '5QN9CSA571O9', 1, 'VLCP0RD7W7O', 1, 3, 3, 21),
(606, '1967-04-28', 58, 'WRP4Y4AXMUV', 1, '4GG3ABI2IIBE', 2, 1, 3, 9),
(607, '1982-12-22', 129, '5766GC37D72O', 1, '3YT020I82WJT', 1, 1, 4, 18),
(608, '1991-08-11', 315, '6WV1CLSD4U1', 1, '2PUXI2G3YQVT', 1, 4, 3, 8),
(609, '1974-01-09', 369, '18VRLRPYSN03', 1, '51PZYM5J6F0V', 1, 3, 9, 31),
(610, '1991-10-29', 5698, 'TKRCS5OUGI3', 0, '2RRPEDV00KU5', 1, 4, 9, 31),
(611, '1984-07-30', 1040, '3YN1BEF2YPYX', 0, '226BER5LMR97', 1, 1, 1, 6),
(612, '1987-09-19', 238, '343TB1BF7VDX', 1, 'R6V8099DOBH', 1, 2, 3, 25),
(613, '1966-09-19', 315, '5SWBHN2L7VFX', 1, '6OU4BI2JUL', 1, 4, 3, 23),
(614, '1995-06-25', 419, '86NP7T85IBP', 1, '58QFTXRYUSON', 1, 3, 3, 29),
(615, '1948-07-11', 481, '5QH4HHSJCF7C', 1, '54XFTVX7ZCYX', 1, 4, 3, 9),
(616, '1951-12-13', 38, '5SSI49FTGEFU', 1, '4FBLBTWYIACF', 1, 3, 9, 31),
(617, '1957-01-14', 148, '4MBNAWP63H65', 1, 'R8YNXEEVLQQ', 1, 3, 3, 19),
(618, '1993-02-07', 165, '52U7PIB4YYF3', 1, '1FW5GC81V0Z9', 1, 1, 9, 31),
(619, '1986-06-23', 2891, '1HS0SU6G4XZI', 0, '2NIJ83Y9KEFN', 1, 3, 3, 23),
(620, '1954-05-06', 6747, '3F4JGFGLMII', 0, '1HW0XJ8EQ0YG', 2, 1, 3, 23),
(621, '1965-04-02', 5508, '1H47ZQJ0X3L6', 0, 'Q9SMYJGT5CK', 1, 3, 7, 30),
(622, '1972-04-09', 387, '2EX9NXHO4IA', 1, '51QM2009LT02', 1, 4, 3, 7),
(623, '1994-07-09', 3134, '5USLMJK2MH93', 0, '54UM9NIHG939', 1, 4, 3, 7),
(624, '1958-04-04', 5406, '3W3IPLVUPMEK', 0, '5QIXRVK01AT', 2, 3, 3, 19),
(625, '1955-07-11', 169, '52UILGCIYC2O', 1, '1DEQLGSA3MNU', 1, 3, 8, 1),
(626, '1961-12-17', 95, 'OQ57ET0ZVZ8', 1, 'R06ONF1GDZS', 1, 1, 3, 26),
(627, '1957-06-05', 235, '5TIT3P2PTOB6', 1, '357ZF4I6JXK9', 1, 1, 9, 31),
(628, '1978-08-04', 169, '3EIZOTW9PL6Q', 1, '63WWRZ7IF07', 1, 2, 9, 31),
(629, '1986-10-18', 153, '5RNXTZ8JJJ7G', 1, '5RJT89NJ2RGJ', 1, 2, 9, 31),
(630, '1970-07-27', 87, '4GQ6L5ASEPP8', 1, '1H5X6VB0HXSH', 1, 4, 3, 1),
(631, '1977-05-31', 374, '1WURF3VIE9OP', 1, '24IQNYR348VS', 2, 3, 9, 31),
(632, '1961-04-10', 401, '5RM8483BKM56', 1, '2HOT47NS61E7', 1, 3, 3, 26),
(633, '1981-03-07', 168, '2RYGEKY5KES5', 1, '39ORSLJ5G5QG', 1, 2, 3, 25),
(634, '1976-09-03', 496, '1FNODG57ETTP', 1, '1ZP9Z61IM8SW', 1, 1, 9, 31),
(635, '1975-03-26', 226, '53QLQIWKBTWF', 1, '5N4T1W40DGNM', 1, 1, 3, 26),
(636, '1953-09-15', 2155, '4HEEO74ZGGZV', 0, 'PU5U4IBSXA0', 1, 2, 3, 8),
(637, '1968-12-02', 4825, '4HFQ21FNE6XR', 0, '4NDGG4228HHH', 2, 1, 9, 31),
(638, '1995-12-18', 455, '5VSRFSU44VRO', 1, '1CL3EUC1MB7L', 1, 1, 3, 9),
(639, '1954-09-11', 477, '2RQCXL8MKHXP', 1, '3EI7SU1QLDE2', 2, 1, 4, 3),
(640, '1967-11-23', 399, '59ONL8V5DIOQ', 1, 'NPXOX5JE9QX', 1, 1, 9, 31),
(641, '1967-04-27', 5169, '5PHBJ3ACRB66', 0, '3QWJIBJ3PHK0', 1, 4, 3, 1),
(642, '1966-08-17', 253, '5W8T2NBXFWM8', 1, '38MSAE5LSPN8', 1, 2, 8, 19),
(643, '1979-03-30', 2749, '3YK4YXQRIQZ3', 0, '341SQ6NU0UQ9', 1, 4, 3, 12),
(644, '1993-09-30', 316, '3EGKMKIZXMPZ', 1, 'PXOU1MRZ5DK', 1, 2, 4, 10),
(645, '1967-01-01', 469, '4K0NLUCGTCKG', 1, '3O04I1Y5PU1', 1, 4, 9, 31),
(646, '1992-01-21', 80, '59ORDT3J1092', 1, 'MUZCU4VYGF3', 1, 4, 4, 10),
(647, '1968-05-07', 216, '3QFY7ZPNJLAH', 1, '4L36E0P49NIB', 1, 4, 3, 23),
(648, '1948-05-10', 498, 'MXHJHWPK8IA', 1, '3AVB8EOOMXU4', 1, 3, 3, 12),
(649, '1963-09-17', 497, '5Q7139WEQUNP', 1, '4FHQQIDBFUTP', 2, 2, 4, 11),
(650, '1947-05-07', 191, '5P6PWDL2D1Z1', 1, '3EIKYW9LMA9U', 1, 4, 3, 25),
(651, '1976-06-19', 230, '3RBCO21OLQP', 1, '577WV7ANILBG', 1, 4, 3, 23),
(652, '1981-04-05', 4727, '6DS6VWDKWW', 0, 'S6FEBWK3BXD', 1, 1, 9, 31),
(653, '1995-11-14', 412, '2HNAUL1B00A2', 1, '39V4H18D9IXP', 1, 4, 9, 31),
(654, '1973-01-14', 26, 'A7TZZS3BH8D', 1, '2K404C7WS3V1', 1, 2, 4, 18),
(655, '1967-04-24', 432, '1A8KPUJQZYW1', 1, '34F7G7U5B9EV', 1, 4, 5, 17),
(656, '1971-07-29', 21, '2RXNLL69EMH6', 1, '2OPDQNXHC1VD', 1, 1, 1, 6),
(657, '1958-10-16', 5500, '24KR9OL51K4A', 0, '3ZQJSGEL4TSD', 1, 2, 3, 25),
(658, '1963-06-14', 472, 'OXD780F0KBA', 1, '4Z9L014P9VM7', 1, 3, 9, 31),
(659, '1948-11-27', 372, '5P95VHDXOUXS', 1, '2POZ78CN0235', 1, 2, 9, 31),
(660, '1947-08-21', 497, '4FDVDCZEAG60', 1, '3VFL34G3C4XM', 1, 1, 3, 9),
(661, '1967-12-05', 202, '2RU8AZFYFU9L', 1, '1XN74KJOIKMX', 1, 3, 3, 8),
(662, '1981-05-11', 489, '3U5I0J97XUDW', 1, '1DT7YIK00YKS', 1, 3, 3, 9),
(663, '1988-12-26', 248, '38OS6KW7JU2L', 1, '1J4I9FJ53S40', 1, 4, 9, 31),
(664, '1983-09-23', 6889, '3DHZM1T81MU5', 0, '20YJF5K7JB', 1, 3, 3, 9),
(665, '1963-04-04', 36, '5Q5B96F8Y50L', 1, '3EMPUS3IUROJ', 1, 2, 3, 1),
(666, '1986-12-28', 2445, '5LPKQ5QOSTZG', 0, '4LXI6G6KYO0H', 1, 1, 3, 29),
(667, '1961-03-15', 67, '59G1T0JAR23A', 1, 'TLDKHPOXZJ7', 1, 2, 3, 23),
(668, '1975-12-28', 200, '4KWSZFM86JQN', 1, '4HS2T9COBKRX', 1, 2, 3, 26),
(669, '1954-09-05', 49, '22A22ZPBKXMO', 1, '3VFSC2ILASPZ', 1, 4, 3, 21),
(670, '1957-10-12', 368, '24AYYFHJK6PD', 1, '4GFPTS8BGY2L', 1, 3, 9, 31),
(671, '1946-06-08', 100, 'P61LJD6US6K', 1, 'S0HE64FN6PG', 1, 2, 3, 9),
(672, '1960-08-18', 2208, '3QXZKSNI9NYW', 0, '2M6JLZXVSY3J', 1, 2, 3, 25),
(673, '1992-01-19', 6569, '2PJBRDK3J7QX', 0, '3C1GAL1SI9XA', 2, 2, 3, 9),
(674, '1970-02-05', 54, '54Z5YUZ12U2K', 1, '5MI3BOM0VJP', 1, 3, 9, 31),
(675, '1982-05-21', 212, '2NGTK8DTLMNX', 1, '82T72EY4J2D', 1, 3, 3, 12),
(676, '1973-12-20', 389, '249CPGKNKXV7', 1, '3QO6QSP15K4Y', 1, 2, 9, 31),
(677, '1965-03-15', 153, 'PYB1RO35A4O', 1, '53QKB5YCVRYJ', 1, 4, 9, 31),
(678, '1989-06-13', 99, '4JKJ7ORXWJ69', 1, '1WCLIKWPYENT', 1, 2, 3, 25),
(679, '1995-04-26', 153, '4RX739RO1RZ', 1, '25P68MOAL2XC', 1, 2, 9, 31),
(680, '1976-06-11', 82, '58FVMI53P1AW', 1, '3DUFYVLCFOL', 1, 2, 9, 31),
(681, '1950-07-07', 343, '19ZWGGQXNWOS', 1, '3TQAX4QCVC4', 1, 3, 9, 31),
(682, '1988-09-15', 5040, 'A2ZSO5NSYQ3', 0, '2KE8FJXINZZ8', 1, 3, 9, 31),
(683, '1971-12-14', 282, '874XRYR2ZS3', 1, '4HMGPTFFJTI3', 1, 3, 3, 19),
(684, '1946-07-01', 156, '4LGTS0D9PR8', 1, '220HN4W074HX', 2, 3, 9, 31),
(685, '1990-08-23', 218, '1AZVXESCQ92', 1, '520ALKBZD2LK', 1, 2, 3, 1),
(686, '1981-01-27', 68, '24GVVMXEG028', 1, '3SYZ1BJD2R6L', 1, 4, 1, 6),
(687, '1990-11-21', 4536, '4EFEWO7ODUTA', 0, '51RVTHVRHS1P', 1, 3, 9, 31),
(688, '1985-06-19', 403, '40VF5XVO1FEG', 1, '9FLGPCBQ5K0', 1, 1, 3, 23),
(689, '1992-06-29', 6392, '6Q6T1KIHFAD', 0, '3QPSJ6RKJT0V', 1, 4, 9, 31),
(690, '1959-10-28', 348, '1XKJUQREQ9S0', 1, '3A53BITU28GS', 2, 1, 9, 31),
(691, '1993-08-18', 2533, '59EA3O1CXB8S', 0, '40IXE56I37G1', 1, 4, 4, 11),
(692, '1962-11-07', 263, '3TZ91GXR0HSG', 1, '3VBRGEA1H0RD', 1, 2, 3, 7),
(693, '1981-12-26', 30051, '35ADXX4GLBU1', 0, '6QWXKHE500Y', 1, 3, 9, 31),
(694, '1970-06-09', 2448, '1WF13ZNACQSA', 0, '52WG2RFDAB64', 1, 2, 3, 7),
(695, '1994-10-13', 312, '4FD66VGJ6Y6S', 1, '4NG2A3INXJI0', 1, 1, 9, 31),
(696, '1975-01-30', 2014, 'SEX7GCP2IP5', 0, '1HSTQB9QGWJ0', 1, 1, 4, 3);
INSERT INTO `explosion` (`idExplosion`, `dateDeclenchement`, `puissanceEstimee`, `nomDeCode`, `estFission`, `description`, `idCategorie`, `idType`, `idPays`, `idSite`) VALUES
(697, '1980-01-02', 1436, '4E0WG2L9CAK4', 0, '1Z16HCIWAD2V', 1, 4, 4, 18),
(698, '1995-06-11', 91, '57A7SUY2ROA2', 1, '5O74VL9GSKZT', 1, 1, 3, 21),
(699, '1951-01-17', 57, 'U9D2FYGBHUV', 1, '3SR08XHJZTVN', 1, 4, 9, 31),
(700, '1962-07-01', 236, 'WWMOQ3WOJVS', 1, '3UAVNVI0YQUO', 2, 4, 9, 31),
(701, '1961-08-12', 209, 'VNNFFF1QE01', 1, '4HGHNGIVMSVE', 1, 3, 3, 19),
(702, '1986-08-24', 232, '3ZVFJKQ0TD9M', 1, 'NXH6J2AX0EC', 1, 3, 9, 31),
(703, '1957-05-17', 6595, '542YZ4H2VHDK', 0, '2LA9EWHR321X', 2, 1, 3, 26),
(704, '1974-12-11', 2284, '2MGFE62F4Z8K', 0, '3E4S2XXT37UU', 1, 3, 9, 31),
(705, '1954-10-26', 3511, '3V5WFRJOLPD4', 0, '5SUBGB5FGLOW', 1, 4, 9, 31),
(706, '1955-05-16', 2041, '3S143GWKPT05', 0, '3C3P96ODZC6K', 1, 1, 3, 21),
(707, '1970-04-20', 106, '5NAH2CFMP6ZU', 1, '6U1TRHNQG31', 1, 4, 9, 31),
(708, '1967-07-15', 462, '58DOH3WFQPAC', 1, '3WBHHDNE5VZ5', 1, 3, 9, 31),
(709, '1953-04-05', 403, '3XK1UH7M0834', 1, '5PJBESEUJY6N', 1, 4, 9, 31),
(710, '1964-01-08', 5688, '4E1IR1CVM91M', 0, '1A7W94X27VDO', 1, 4, 9, 31),
(711, '1948-04-05', 261, '38QI0YT6PSPW', 1, '1A2ERB6ENM2F', 1, 1, 3, 23),
(712, '1982-09-13', 389, '3XCH8MPBD2Y8', 1, '1EIJ06WX3EP', 1, 1, 3, 19),
(713, '1958-08-24', 157, '3RS3LPS4YMR8', 1, '1A2C47TC9ELT', 1, 3, 3, 19),
(714, '1974-04-27', 299, '38YNDK7TB1SG', 1, '5W14H1QL85LB', 1, 1, 3, 25),
(715, '1957-10-26', 4926, '1WOHH3PO1T2L', 0, '3S0DTFRPQ4NF', 2, 3, 3, 9),
(716, '1994-09-01', 3111, '39V98VU6NYDU', 0, '4EBHEBSIDA9I', 1, 1, 9, 31),
(717, '1966-01-21', 64, '9CYXWQRTBFD', 1, 'TCO4WDE6U4E', 1, 4, 9, 31),
(718, '1991-10-18', 301, '37KQYC95VHKH', 1, '5MS164RU22AT', 1, 3, 9, 31),
(719, '1980-01-14', 2393, '3YCK5KK2QMRQ', 0, '3X818CRBPQ91', 1, 3, 3, 21),
(720, '1990-04-09', 421, '1I8NDF1P8M7U', 1, '5PB51LT2RHOA', 1, 1, 9, 31),
(721, '1965-06-22', 80, '2OJ8OT5EY6Z4', 1, '5Q5M587DOELP', 1, 2, 3, 26),
(722, '1992-11-20', 67, '4HJUA3C57PUS', 1, '2KBWCVSWH7KW', 1, 2, 9, 31),
(723, '1983-11-14', 438, '2PRPFICH8NQ1', 1, '4JV3LFF9A7HO', 1, 3, 3, 23),
(724, '1951-12-19', 2083, '3ZUI54U4AKU1', 0, '59SKKWL96WDO', 1, 2, 3, 7),
(725, '1993-11-30', 4121, '1JEP76CYTEZ6', 0, '5PD740EXZ40K', 1, 1, 9, 31),
(726, '1976-11-19', 152, '1VIC6Y3FNM3I', 1, '4CYKJS781SGC', 1, 1, 1, 6),
(727, '1987-01-09', 2786, 'WIBEYE42J4A', 0, '6QTO1RHKPAL', 1, 3, 9, 31),
(728, '1956-10-20', 3881, '5M2EA3WUPJTW', 0, 'AJ8V5BVCIOH', 1, 2, 9, 31),
(729, '1965-10-13', 5634, '1WE7E4OBKWYK', 0, '1CMGLKY6LRZ6', 1, 2, 3, 23),
(730, '1979-12-03', 374, '2PBAT6GYZQ3', 1, '5P3699EOWF23', 1, 3, 9, 31),
(731, '1959-01-24', 225, '2JXHTR14YBD5', 1, '51RWJA83SH6R', 1, 2, 3, 19),
(732, '1967-02-02', 307, '2PZUUDYO5WOH', 1, '3QTU73XMJUO7', 1, 2, 9, 31),
(733, '1992-02-19', 4470, '5RPYZAOM4GJR', 0, '61WJS0AGZKU', 1, 3, 3, 21),
(734, '1964-01-04', 1054, '4HC6H0STJVKZ', 0, '3YKUJTH0PW75', 2, 4, 3, 7),
(735, '1987-04-05', 91, 'UCZLDFP1XDW', 1, '2J1BWZYVFRHL', 2, 2, 9, 31),
(736, '1968-06-29', 323, '5TMPY0G904WU', 1, '5TOBPPBLZEL4', 1, 4, 4, 11),
(737, '1959-03-04', 4484, '1HY9IKC66DY7', 0, '3YIPZP5YLZEP', 1, 2, 9, 31),
(738, '1990-03-18', 257, 'VVYA9CBMHSR', 1, '2OJ4ZWXUHD64', 1, 2, 9, 31),
(739, '1990-02-09', 223, '80HD75MOSG7', 1, 'ALUXSH50935', 1, 4, 3, 25),
(740, '1978-07-02', 91, '40N8FO6AQBS0', 1, '1F86N562YEL', 1, 1, 3, 26),
(741, '1947-07-06', 1300, '3EJ41VVI82MF', 0, '534TK4PNPUS5', 1, 3, 3, 9),
(742, '1982-06-22', 320, '3VG2AR6KPGB', 1, '1XOP7L319ACB', 1, 3, 9, 31),
(743, '1959-02-02', 439, '5U07YQDJA7KQ', 1, '1H4I0S7M055V', 1, 2, 3, 25),
(744, '1949-04-01', 402, '4ZDQ05L8DY11', 1, '3SV8IQTU3ET2', 1, 4, 9, 31),
(745, '1995-02-25', 144, '232RW01SJPP5', 1, '8997L2O4QFL', 1, 4, 3, 1),
(746, '1966-07-03', 153, 'A7IJOBNZKCJ', 1, '3TT0PZVNWXP6', 1, 2, 9, 31),
(747, '1974-01-05', 205, 'A7NOOCZ91CU', 1, '1VQ4ZGNEB3TY', 1, 3, 3, 23),
(748, '1989-12-16', 121, '38WNGJQ22YZM', 1, 'MNLN3ERQ511', 2, 3, 9, 31),
(749, '1971-02-27', 186, '1B2MSEPP8CJF', 1, '789M6K21A8J', 1, 2, 9, 31),
(750, '1985-03-01', 84, '23INC9HI8P06', 1, '2RY2B4RG6GIW', 1, 4, 3, 12),
(751, '1951-03-23', 150, '1H2D0AJ74X9', 1, '1GPTDMYZY9YE', 1, 3, 3, 21),
(752, '1972-02-09', 239, '88H8F5T807L', 1, '1GNJ7Q79VWR', 1, 4, 9, 31),
(753, '1986-12-02', 6780, '76CSOZ1QV7H', 0, '2NACITF63OXL', 1, 3, 3, 19),
(754, '1962-12-28', 497, 'UJ1IL9V7MW3', 1, '59EO9XXRRM00', 1, 2, 4, 11),
(755, '1964-11-29', 338, '53R2S131IUWK', 1, '1AFX5JB06W6C', 1, 1, 9, 31),
(756, '1967-11-23', 336, 'NRBRHLS3W0P', 1, '3EMFMX113ISO', 1, 3, 9, 31),
(757, '1978-01-31', 132, '57FK71OO8MW4', 1, '3ZJAIR6FXBFG', 1, 3, 4, 11),
(758, '1968-01-12', 146, '4KVJFBN0VRSO', 1, '8YZV5BTYTGH', 1, 4, 3, 9),
(759, '1953-07-23', 170, '5MYS6MX06SDF', 1, '3TZ6B7J4FUWV', 1, 2, 3, 1),
(760, '1979-10-28', 118, '58EJOJI44BSK', 1, '4ZRM13JB6VOY', 1, 1, 3, 19),
(761, '1979-06-01', 6805, '3DIF7QTA5GD3', 0, '4RU8KSBOUM3', 1, 3, 3, 7),
(762, '1979-11-17', 117, '57DZJBN7M61H', 1, '4KTE1X6XE40X', 1, 2, 3, 29),
(763, '1961-01-18', 351, '5LWBQWNAEWLS', 1, '2NGAMS6LLYU0', 1, 1, 9, 31),
(764, '1990-02-04', 315, '5NWUNNW5DQ8Q', 1, '4IYY3DJKZFNY', 1, 3, 3, 23),
(765, '1977-04-10', 193, '2OSPHL1K8UFB', 1, '1EX1PKH9LS6N', 1, 3, 9, 31),
(766, '1990-07-31', 214, '23KN0RE0LOIA', 1, '3ZKI7LIO14X3', 1, 3, 3, 7),
(767, '1952-07-02', 243, '51PP9HR7OBKD', 1, '4FFBTWAUSSJT', 1, 1, 3, 26),
(768, '1973-05-12', 480, '52WMLZJ01P5F', 1, '1VK2YC8RIK78', 1, 2, 3, 19),
(769, '1979-12-09', 2050, '52YMUHMTQWXS', 0, '3WGBPNZXMXJY', 1, 4, 4, 10),
(770, '1965-03-23', 21, '5O8YFS4JXY78', 1, '3T341TU0UOR9', 1, 1, 3, 25),
(771, '1970-03-13', 466, '51YDK3K25IYM', 1, '211WRXZ1KWU5', 1, 2, 3, 23),
(772, '1982-12-16', 210, '2IXGQFMG825E', 1, '58DQGQ7QKBPD', 1, 2, 3, 1),
(773, '1984-10-02', 499, '1903UX63T2WD', 1, '2FG4VYEFB5T', 1, 3, 9, 31),
(774, '1961-08-02', 434, '1DEQ1I9UP5WJ', 1, '3SYSH5SP2PP5', 1, 1, 3, 9),
(775, '1982-05-29', 452, '553AFG5OC7LJ', 1, '3C2D4DO5IXNM', 2, 4, 3, 12),
(776, '1953-08-30', 380, '3U12JDV88GJ9', 1, '5O2WLXNKW4SO', 1, 1, 1, 6),
(777, '1950-04-14', 477, '550OKVWVIX9F', 1, '2HYWZF6FG0JC', 1, 4, 3, 25),
(778, '1982-06-27', 120, 'IDE7SSXDQS', 1, '2JXDOD7J84UG', 1, 3, 3, 26),
(779, '1989-08-30', 342, 'VRP6G5DTUXM', 1, '5O0A8BV1A2R2', 1, 2, 3, 29),
(780, '1953-03-01', 6123, '1J2DURXPYBV9', 0, '5LVO10451IZR', 1, 4, 9, 31),
(781, '1954-08-26', 282, '347D39IDUP5R', 1, '57K485ZNF2LR', 1, 1, 4, 10),
(782, '1975-05-10', 3652, '40P179GWC71N', 0, 'QWKLN4BN3IR', 2, 3, 9, 31),
(783, '1954-02-22', 210, '1FJN82Y88281', 1, 'NTH561YLL5V', 1, 3, 9, 31),
(784, '1967-03-19', 4736, '3YK7VUO514E1', 0, '34FPGQXL1O1H', 1, 4, 9, 31),
(785, '1965-10-17', 102, '2MG8FPS5VPPY', 1, '4F5CCK0QFES8', 2, 3, 3, 12),
(786, '1970-12-25', 453, '1HSA9DE53E8H', 1, '40REC5SPA5WG', 1, 3, 9, 31),
(787, '1986-08-31', 37, '59GNRYVLP43E', 1, '21Y5R0FE56GN', 1, 3, 3, 25),
(788, '1957-12-13', 249, '88J7PNMG9D1', 1, '5RM97SW9NQIP', 1, 3, 4, 11),
(789, '1950-10-16', 200, '59EJII2MUA5X', 1, '1YPSG8ABM7D0', 1, 4, 1, 6),
(790, '1989-02-14', 46, '40L4Y1EYX4JF', 1, '1J4HIYFYUJGU', 1, 4, 3, 1),
(791, '1955-04-26', 306, '4CYYWHLZ3QJU', 1, '4F967HOYMBSH', 1, 4, 9, 31),
(792, '1958-07-11', 32, '3YCUCGN4OVH8', 1, '1HYGFFENBZJP', 1, 2, 3, 1),
(793, '1988-08-30', 6046, 'UPW4FJHEM9Z', 0, '23345N2SEO1P', 1, 2, 3, 23),
(794, '1974-12-09', 372, '24P9HSWXMDAO', 1, '4IGBMBGIPJHU', 1, 2, 9, 31),
(795, '1974-11-29', 361, '40JLER0PD5Q4', 1, '1XPE3PQWN2EH', 1, 3, 4, 18),
(796, '1950-06-08', 294, '22CCV74F98LW', 1, 'OTURSU6UED7', 1, 4, 9, 31),
(797, '1992-10-30', 114, 'UJC2SQN6VBD', 1, '1J091UR51EKC', 1, 2, 4, 3),
(798, '1954-07-22', 417, '4HMNX4BZOERK', 1, '1DOZJ8P8KK1M', 1, 2, 9, 31),
(799, '1953-12-15', 171, '5MVXLIMYAC5G', 1, '3RUQWV8YB5D8', 1, 3, 3, 7),
(800, '1988-01-24', 3426, '5V4NV8N978T0', 0, '4GE3QFOY85DH', 1, 4, 9, 31),
(801, '1990-10-02', 2173, '5TSOAJU1HAUC', 0, '1J0GVD97KMES', 1, 3, 4, 10),
(802, '1968-12-03', 406, 'OVND951XUFO', 1, '1986LDBHGKI1', 1, 1, 9, 31),
(803, '1990-06-22', 266, '2NQODSKG1Q1L', 1, '4IWU0AM8YE87', 1, 2, 3, 26),
(804, '1974-03-14', 1906, '51YKML5DSPKJ', 0, '40L7H8CEN0NJ', 1, 3, 3, 19),
(805, '1967-02-25', 416, '82P7OSNUJX3', 1, '59UI3XBY11AP', 1, 2, 3, 7),
(806, '1963-05-23', 60, '4HRT0VGSI0P6', 1, '2RU3XVVOLSMC', 1, 4, 3, 23),
(807, '1987-03-29', 404, '3U743AZXFR6J', 1, '4M9NDW28N11J', 1, 3, 3, 23),
(808, '1994-01-17', 483, '4E5MBRMF70H3', 1, '3YQRM75N0RV0', 1, 1, 3, 19),
(809, '1969-11-30', 1135, '3W63PTELPCY2', 0, 'WTU9G7XBYQX', 1, 1, 3, 29),
(810, '1961-04-28', 34, '3DEHO5OIB9C2', 1, '54WQ4ANEI3L3', 1, 1, 3, 12),
(811, '1971-04-17', 434, '1I8UTY5YC19C', 1, '55DO32ZNITJV', 1, 2, 3, 21),
(812, '1977-02-13', 6868, '1XVA2NA6FEAS', 0, '4D31DQSO7AYZ', 1, 1, 9, 31),
(813, '1960-03-22', 3660, '80L7OLEXPU1', 0, '3P8L66CGGS5', 2, 4, 9, 31),
(814, '1956-12-25', 237, '18Y7F18UYLVT', 1, '3X6EWS54ET89', 1, 3, 9, 31),
(815, '1985-10-18', 6243, '2NBFQKBXXA2', 0, '35HRH7SG90WO', 1, 3, 3, 12),
(816, '1988-09-09', 2086, '1HWFZ8C8KWKP', 0, '56HOX1IPOVVL', 1, 1, 6, 28),
(817, '1947-05-16', 361, '9F0RH8ZPAT6', 1, '1WGCIMV1CUHC', 1, 2, 3, 21),
(818, '1964-11-05', 447, '1DRI8PDFA4TX', 1, '3C1YYTMZOYTV', 1, 3, 3, 12),
(819, '1976-09-17', 266, '4JKR4W6DOJGJ', 1, '1FNSCGRAUYCW', 1, 4, 3, 25),
(820, '1958-12-16', 349, '21CDP6P41Y1H', 1, '4HI4XFW3XQVA', 2, 1, 8, 23),
(821, '1985-10-28', 1006, '3C611PRBQE9M', 0, '57DGFUXM1VAC', 1, 1, 9, 31),
(822, '1951-11-14', 426, 'OXVR9C3LI5L', 1, '9GWBMR0032D', 1, 4, 3, 1),
(823, '1960-03-14', 5528, '40JAN2XCLETY', 0, 'VVN9PVP0MRH', 1, 2, 4, 18),
(824, '1954-02-24', 3207, '37KMR081QGOH', 0, '3AZ69K2ZRAAD', 1, 3, 3, 29),
(825, '1987-06-26', 201, '4KSPE30B7UYU', 1, '4FJBYNKB0B36', 2, 4, 3, 26),
(826, '1990-12-25', 179, '53T0O2FO9M8C', 1, '1A82DY24FDJ6', 1, 4, 9, 31),
(827, '1989-02-15', 247, 'PUDEKPULPVH', 1, '1DBEKPNJO194', 2, 3, 9, 31),
(828, '1986-05-17', 29, '3HVLH399NW7', 1, 'MWVFM8LXE5I', 1, 4, 3, 12),
(829, '1953-04-19', 4481, '4HK1WFEO1LWD', 0, '5UOIYTSAMXBI', 1, 2, 9, 31),
(830, '1987-05-03', 358, '19ZW9KQ43B57', 1, '5QHS7Z45X9IT', 1, 4, 3, 19),
(831, '1951-05-03', 3035, '4NBYIEATT7SZ', 0, '5TI7OYMZ2TP8', 1, 2, 3, 29),
(832, '1978-06-20', 5272, '34JU8XDBDV3Y', 0, '2IUYK8FRYUIR', 1, 1, 9, 31),
(833, '1955-10-23', 156, '5LS3IA0RWNC0', 1, '3XFSUBPNLMRF', 1, 1, 9, 31),
(834, '1965-06-28', 123, '550US398RMJA', 1, '3SSI0TC13T4T', 1, 4, 8, 22),
(835, '1988-02-01', 1186, '3VFTQ3UC1HTX', 0, 'SAPBS9J17PG', 1, 3, 9, 31),
(836, '1967-03-27', 359, '4IQ6M49DPUKA', 1, '3WBYLLNFGVDL', 1, 2, 3, 1),
(837, '1989-08-14', 440, '1I6J0CY7NVGU', 1, '50DRVKEPT5C6', 1, 1, 3, 12),
(838, '1967-09-09', 394, '554OVETM04TC', 1, '5PIXED44M9JU', 1, 3, 3, 7),
(839, '1966-06-28', 414, '1HU1FZW3TPDW', 1, '5QFDTE74RB97', 1, 4, 9, 31),
(840, '2012-09-04', 414, '3RTW7K4OV9W', 1, '4FJTW3E0IVI1', 1, 3, 2, 16),
(841, '1969-02-02', 5588, '57I6R1ZLRPFD', 0, 'ADACGULB6X9', 1, 1, 4, 18),
(842, '1958-12-31', 3179, '205IJVYBMZRN', 0, '3W3W7UTPEDOA', 2, 3, 3, 9),
(843, '1970-08-04', 254, '1G1SJ5OWL7TZ', 1, '58FYJOF4BY3W', 1, 3, 9, 31),
(844, '1993-02-07', 1942, '2L5ILG0OJ801', 0, '40QZT2ZGYFO3', 1, 1, 3, 29),
(845, '1980-05-19', 3353, '916LFQ64WK1', 0, '1C8A2GQLAN15', 2, 3, 8, 20),
(846, '1962-08-09', 5035, '1GZW4R0831QK', 0, '226147PQ332D', 1, 1, 4, 3),
(847, '1951-03-19', 359, '5P77FE1X95B9', 1, '390V0585HLYE', 1, 1, 9, 31),
(848, '1967-11-27', 469, '4GLVEMN5X4LH', 1, '588F1DRD8DUW', 1, 2, 3, 12),
(849, '1963-05-02', 110, '15955V3WKE3', 1, '2RUAHI2ECF22', 1, 2, 3, 12),
(850, '1977-11-15', 409, '2DBCS8DONIF', 1, '3ZLCQC3LU0BN', 1, 1, 3, 26),
(851, '1959-07-01', 383, '1EPVNW02FVU5', 1, 'I6G73AUSCQ', 1, 1, 3, 9),
(852, '1980-03-16', 117, '1FY68BFKG714', 1, '4G81DW5S1TM5', 1, 4, 9, 31),
(853, '1972-09-21', 4310, '56FDF8NQY593', 0, '3ZR6PLOW5FP1', 1, 2, 9, 31),
(854, '1992-04-18', 3085, '1XJ6BFXV3F99', 0, '3B1SNP0ASSQI', 1, 3, 9, 31),
(855, '1978-01-31', 385, 'WQEUU4RXKX1', 1, '40RO3AM5V20D', 1, 1, 9, 31),
(856, '1965-12-08', 66, '1WGG4B4E5GUO', 1, '1GXO91XKTBPE', 1, 4, 3, 25),
(857, '1987-10-01', 264, '4GPWHB2RAKM7', 1, 'UBP8Q69YP0P', 1, 1, 9, 31),
(858, '1967-02-03', 40, '2R8OWGNYZO2', 1, '2J3EAP9CX21', 2, 2, 3, 8),
(859, '1964-08-16', 198, '5TO26XQMUGQ2', 1, '4IKCLNWAJ5DD', 2, 2, 4, 10),
(860, '1979-07-06', 138, '58HZ4S2NT0QE', 1, '3ZRDDQOE8VXZ', 1, 1, 7, 30),
(861, '1961-02-04', 5977, '3YGW3O9ALT2J', 0, '5884VGYN63FJ', 1, 2, 3, 29),
(862, '1953-11-01', 464, 'X0700T81BNG', 1, '1B8HNFP63ISK', 1, 1, 4, 3),
(863, '1972-10-26', 465, '1WSFQIIH6EP5', 1, '50HIO9G9AXKP', 1, 4, 3, 1),
(864, '1947-07-31', 474, '35KA82TUNDM1', 1, '4IKMYPQ3HPHT', 1, 1, 3, 29),
(865, '1955-03-10', 150, '1GRSUOGY8CSH', 1, '391779U7ZIHI', 1, 2, 9, 31),
(866, '1970-06-09', 232, '3YI73527QPI1', 1, '4Q13DBKW9K4', 2, 4, 3, 7),
(867, '1993-11-30', 4525, '3U3E7E0V49LX', 0, '2J1PDIN9EVVQ', 1, 2, 3, 23),
(868, '1991-08-14', 60, '1XQX8U4A4GLW', 1, '23J3V5I5LTZT', 1, 4, 9, 31),
(869, '1971-06-14', 61, '6Y74Q0N317C', 1, '74Q7AB6XCNO', 1, 2, 3, 8),
(870, '1980-03-30', 73, '565ISX293YAW', 1, '5UUE00Y4B2K1', 1, 2, 3, 7),
(871, '1986-08-01', 176, 'UDE9BGETTKR', 1, '58O7XNZWSTRO', 1, 4, 4, 11),
(872, '1948-08-01', 1308, '54UQ9O4FKE8G', 0, 'AFSKTPWR0SG', 1, 4, 9, 31),
(873, '1967-04-15', 419, '1VI66S0G3VQA', 1, '2RJ78SSSIBW', 1, 4, 3, 8),
(874, '1958-07-07', 336, '1ENADYQDM2A1', 1, '1JERRU4QKOOO', 2, 4, 8, 22),
(875, '1979-08-31', 436, '50DWQC9J53CC', 1, '2NAV0V69K7R9', 1, 4, 4, 18),
(876, '1984-11-19', 401, '40WU69SDL35T', 1, 'MNMY6HGTGHS', 1, 4, 3, 9),
(877, '1989-10-17', 476, '1A1N0JV61ZQD', 1, '197VBB0U5329', 1, 3, 3, 21),
(878, '1949-07-28', 5960, '5LO76TREJQWQ', 0, '2F5NLMQE09Y', 1, 3, 3, 1),
(879, '1995-12-24', 153, '1B8HOJ7RV3ND', 1, '1I43PDSXEAGQ', 2, 1, 4, 10),
(880, '1950-02-14', 430, '3SQL6CFVTVHO', 1, '38SWUCE1FGG1', 1, 4, 9, 31),
(881, '1950-01-31', 2614, 'T7KGLU64YJ6', 0, '4UFVEQ4D5D', 2, 2, 9, 31),
(882, '1950-12-29', 429, '5UX4X5B09Z7C', 1, '234L5F8IX8S4', 2, 2, 9, 31),
(883, '1995-11-13', 5914, '1G1HI6EVU3S6', 0, '58OD2F7FK2Z9', 1, 3, 9, 31),
(884, '1955-03-30', 348, '2QTEXUDIVY4H', 1, '2387VA2C4KAK', 1, 3, 3, 26),
(885, '1947-01-19', 6962, '4W5YFSJR3LJ', 0, '1ETR2NLWGQBS', 2, 3, 3, 21),
(886, '1976-12-10', 230, '50M9SRX6SRUN', 1, '4JT42KX31STG', 1, 4, 3, 25),
(887, '1977-02-06', 403, '25RO1I0HX998', 1, '3EMYDQWXH479', 1, 4, 9, 31),
(888, '1950-04-13', 111, '59KTIUS2YKF2', 1, '5LXN5WQA2GHM', 1, 3, 9, 31),
(889, '1965-10-08', 302, '58C4FU4H0K4J', 1, '3W22UPLY728A', 1, 4, 9, 31),
(890, '1957-09-30', 126, '5RM1NAECBVRC', 1, 'OVK3VIK20J0', 1, 2, 9, 31),
(891, '1969-08-26', 1366, '39RHUDKRMCMT', 0, '3D0H2PIX2R92', 1, 4, 3, 19),
(892, '1994-10-08', 480, '1FTTEOONEPCQ', 1, '2NAV156CLYP2', 1, 4, 3, 23),
(893, '1973-09-07', 254, '39V1XSY3EZY4', 1, '1WCSL3O4SJYU', 1, 3, 9, 31),
(894, '1957-03-04', 209, 'Q8OIXADKGJB', 1, '35HJNMUITFGT', 1, 2, 3, 26),
(895, '1977-10-01', 373, 'AFL4BLIDRWS', 1, '1H4I6CQ6FPFM', 1, 2, 3, 23),
(896, '1989-10-06', 488, '1XLHT75EO0WY', 1, '3ZSKZG9LN8XQ', 2, 4, 3, 21),
(897, '1977-11-16', 5913, '1EV9BJ2DARO9', 0, '52W0MG55H8XT', 1, 2, 3, 25),
(898, '1956-12-06', 327, '1BIMUPAKDISW', 1, '1BG977XKK9FY', 1, 3, 3, 23),
(899, '1964-03-05', 94, '2LA3FBR079S0', 1, '4E7J7YEJM8ZW', 1, 2, 3, 25),
(900, '1976-07-01', 466, '18U56LQ9VCAH', 1, '1A7O3R2P0N6W', 1, 4, 3, 12),
(901, '1973-04-22', 339, '5RBDE0FSMNL0', 1, '4JMF9SI8R98A', 1, 1, 9, 31),
(902, '1964-08-31', 129, '5PHE2OXBT42R', 1, '16YH66U7O85', 1, 1, 3, 8),
(903, '1993-05-06', 53, '4NBR4HT8H9K5', 1, '4LZJ42QBTMWT', 1, 3, 9, 31),
(904, '1956-03-23', 1419, '2OT40JLDNFZ6', 0, 'PXNZFM0CZ31', 1, 4, 3, 21),
(905, '1986-04-05', 488, '2M9V90DA6RA3', 1, '1J0GNVVTDVWC', 1, 3, 3, 26),
(906, '1962-09-15', 6811, '5N46Q6YZX343', 0, '3YKFIVXU9WKO', 1, 3, 9, 31),
(907, '1967-05-16', 267, '5M1ZFNZ1YN1S', 1, '5VSKUAXQ0VAJ', 2, 2, 3, 7),
(908, '1954-10-22', 118, '25OY8Q78PIZH', 1, '232SK4OFI8FL', 1, 1, 9, 31),
(909, '1984-06-24', 2101, '4E92Z27V6Y6T', 0, '2L9LKH65UWE', 1, 4, 4, 11),
(910, '1956-11-30', 280, '4ZLA1N1GMFWQ', 1, '2HUKERPSVSRI', 1, 3, 4, 3),
(911, '1949-05-01', 379, '5UV0O2OPYZGC', 1, '3ZES1SZSCND0', 1, 1, 3, 25),
(912, '1989-03-17', 119, '5RJBRGLJ8YCH', 1, 'SEXS2FUDS8L', 1, 3, 9, 31),
(913, '1947-12-29', 2027, 'MWSQ96LB73N', 0, '3FXYXZHRWY0', 2, 2, 9, 31),
(914, '1963-01-24', 487, '3YK8S3ALLNFO', 1, '2NOZ51RSMS29', 1, 3, 3, 12),
(915, '1947-12-23', 419, '5W3FTKKWPN7O', 1, '2RVJCI6YP2SL', 1, 2, 3, 12),
(916, '1963-07-26', 438, '1A2F6M5FDL2H', 1, '2MMRA2CPHZD8', 1, 1, 9, 31),
(917, '1971-04-04', 6963, '50K90UAKKKIB', 0, '9F43CWWMOLH', 1, 3, 9, 31),
(918, '1974-01-27', 135, '2NH0FJ6QNLUX', 1, '39T1E2W5M04C', 1, 3, 3, 8),
(919, '1968-02-25', 467, '5MY1HVFYVY27', 1, '4K2YIPRTOG7X', 2, 3, 3, 7),
(920, '1980-07-09', 3513, 'WMKX2GSV742', 0, '4DAZ6W1B8AKP', 1, 1, 9, 31),
(921, '1972-11-12', 4135, 'MJHCS17TUKS', 0, '5QHIZUVHF4KI', 2, 1, 3, 12),
(922, '1965-08-09', 6132, '215M6RBWKUJQ', 0, '1A4GODQ9S9WE', 1, 2, 3, 19),
(923, '1967-05-22', 215, '2KSCM6SFWE3', 1, '5MWCCCTSF41X', 1, 4, 3, 25),
(924, '1959-08-03', 220, 'SCO95PUW8N5', 1, '37GC7497XN2Y', 2, 2, 3, 25),
(925, '1951-01-12', 119, 'QW9BW74JYHT', 1, '93HVSIH2A8X', 1, 2, 9, 31),
(926, '1990-06-18', 91, '1EV1QE6MCK32', 1, '53YD3D2NHNCC', 1, 4, 3, 12),
(927, '1964-03-11', 61, 'PSGNNXDV754', 1, '25RLC45L0FZH', 1, 2, 4, 10),
(928, '1947-09-17', 436, '3B1HR9PM0MI9', 1, '1BGJWB8ZV68I', 1, 2, 3, 26),
(929, '1970-01-16', 3787, '1DAT0CHS0XYH', 0, '4ZNVDTN2ANZ0', 1, 4, 3, 1),
(930, '1962-10-14', 345, '24HBO32EUPCM', 1, '59QQJM9K06CP', 1, 4, 3, 25),
(931, '1966-02-17', 100, '50U1PZMMB5BS', 1, '3EAK7ZK85C1T', 2, 4, 4, 10),
(932, '1975-11-03', 276, '3ZMIMXLKZXQY', 1, '50SAJLZGKTJF', 1, 2, 3, 9),
(933, '1958-07-29', 295, '3YSWWLF1114F', 1, '3ZEOZOLEDU3Q', 1, 4, 3, 23),
(934, '1986-04-12', 5309, '5UM7GP4OE7Q9', 0, '4HM4OA9NYUAT', 1, 1, 9, 31),
(935, '1979-04-29', 243, '5MDEFLVVU4P', 1, '55Z91Q0YJKYC', 1, 1, 3, 26),
(936, '1959-03-12', 3817, '36SQMBCMNYI4', 0, '1DBDVKQMJ0BH', 1, 2, 9, 31),
(937, '1992-10-14', 219, '4HODZPMESEXO', 1, '2QZQGXNIQ4OG', 1, 4, 3, 12),
(938, '1966-02-12', 102, '3NLAEVBZ2G6', 1, '3XIC06NEKCHF', 1, 4, 3, 1),
(939, '1959-01-13', 65, '5RBRQ9IRFLZV', 1, '2PYZ30AH6DLO', 1, 4, 9, 31),
(940, '1968-09-12', 328, '2J34D1V141XC', 1, 'SB6CNZKQYPL', 1, 3, 9, 31),
(941, '1975-09-16', 365, '1VCIXET3UYVD', 1, '214HWA2WJ0JL', 1, 1, 9, 31),
(942, '1958-03-29', 162, '3XMO9UU4CF8M', 1, '2NR3ERI9DVOW', 1, 3, 3, 8),
(943, '1983-08-02', 32, '22AKZ0922NOL', 1, '4IQVNYO1EE9D', 1, 4, 9, 31),
(944, '1992-06-11', 477, 'ORRETI5L8LN', 1, '4IQ6GXBBKRWP', 1, 1, 3, 9),
(945, '1986-03-14', 360, '573S6O1RFZB8', 1, '1C6UV1MRJC71', 1, 2, 9, 31),
(946, '1986-12-24', 5689, '3EMME0L44DZH', 0, '3W60M28JGFG4', 1, 3, 3, 19),
(947, '1993-03-19', 123, '4NX43LXQ969', 1, '3C9QU0SOI2MO', 1, 2, 9, 31),
(948, '1963-06-30', 5869, '3D42TNA9HJ1N', 0, '2PUWLRVXNX82', 1, 2, 3, 9),
(949, '1951-07-18', 499, '3QHRK426G3OJ', 1, '1CQTPR5IZSQ', 1, 4, 3, 23),
(950, '1957-08-23', 3231, '4GLKDEXJFKHV', 0, '3BVU32UYNXBW', 1, 1, 9, 31),
(951, '1968-04-14', 135, '567MAJ9SIDW0', 1, '3QK30SDR30Y8', 1, 1, 3, 7),
(952, '1977-10-31', 478, '6S057TTG9X8', 1, '2M6G7VNQWQTT', 1, 2, 3, 29),
(953, '1957-04-07', 441, '569PRI3V4S7D', 1, '40X84A4Z1MWF', 1, 1, 9, 31),
(954, '1954-10-19', 285, '36EBJYOT8AXD', 1, '5RPS4FY2KWX4', 1, 4, 3, 26),
(955, '1962-01-04', 1164, '51O5OIERS9DY', 0, '3NOOH99T3OT', 1, 3, 9, 31),
(956, '1963-12-05', 2813, '5SI6LOP51XDN', 0, '5M0GXLWE3IIW', 1, 3, 9, 31),
(957, '1977-07-01', 2454, '34BH6P276C28', 0, '4NG6ZML1V1C9', 1, 3, 3, 1),
(958, '1994-04-25', 232, '2ITBL24AZVTY', 1, '4FLS3XR3819V', 1, 3, 3, 26),
(959, '1990-08-08', 2272, '2NR85CO6KJ6B', 0, '3XCOB3MCZH88', 1, 4, 9, 31),
(960, '1994-01-10', 3470, '51YCCR145AWI', 0, '5M2LCLJSN1B7', 2, 4, 3, 29),
(961, '1974-08-27', 83, '39TFWE6B9Y6E', 1, '23B61P2WRR07', 1, 2, 3, 23),
(962, '1992-12-02', 190, '2OV15CEMI780', 1, '1I615S3FG8WC', 1, 3, 3, 21),
(963, '1977-01-18', 30, '3D5VTL5U78PW', 1, '54XFH18O53X0', 1, 2, 4, 11),
(964, '1953-01-19', 63, '5RJT9AQPI92P', 1, '34FTS6YDL4M5', 1, 4, 4, 10),
(965, '1993-09-24', 5067, '5UWLNBFFD3ET', 0, '59GW3TTN34R1', 1, 1, 8, 21),
(966, '1967-03-31', 305, '5590JZEALO98', 1, '34BM26O9DJW6', 1, 4, 9, 31),
(967, '1990-08-17', 349, '3RYVJW3X7DBZ', 1, '2RCSMLU46ZE', 1, 2, 3, 12),
(968, '1984-05-11', 4058, 'P1EY0V39HQS', 0, 'MQR2L7KKYZJ', 1, 1, 3, 25),
(969, '1960-10-14', 74, '4KZ9B40Z06MS', 1, '37WKQ7GL03BS', 1, 4, 3, 12),
(970, '1985-07-19', 456, 'UPHGUYTCJLI', 1, 'TIUEZ9ZQGLL', 1, 4, 3, 1),
(971, '1993-12-16', 391, '2PNG7G6U8IWJ', 1, '5PW15KP4KWN', 1, 4, 9, 31),
(972, '1969-06-29', 226, '2MMJNZFGPD8O', 1, '5SHMABDFJ4MU', 1, 4, 3, 23),
(973, '1978-09-22', 92, '2RVTHSCQA7WT', 1, '1B4940RAYT2', 1, 2, 1, 6),
(974, '1948-12-15', 3335, '1ZXYVVYEDFVG', 0, '39Z6QOQ6CQQN', 1, 1, 9, 31),
(975, '1985-05-27', 21, 'WLQ9WNNNKDS', 1, '5RNCNV30JPIC', 1, 1, 3, 7),
(976, '1966-03-05', 324, '7X1T2MWVCBN', 1, '2NN1OCHOUIPI', 1, 2, 3, 25),
(977, '1955-12-15', 4796, '1G03KVTT3U8S', 0, '2MFX03SEDNCL', 1, 2, 3, 25),
(978, '1975-01-20', 212, 'OQ0ROHU984P', 1, '2I3GCAPDU5CW', 1, 3, 9, 31),
(979, '1956-07-07', 349, '3VFF7EC941Y1', 1, 'WI40E94VSGX', 1, 4, 3, 25),
(980, '1964-07-30', 81, '2S6EAKX5V84B', 1, 'NRBNAFHG7KM', 1, 1, 3, 1),
(981, '1976-04-25', 4185, '4LUZMHQDMWKU', 0, '1WGJ8PFAGUFC', 1, 3, 3, 7),
(982, '1956-09-12', 41, '3RWGTGVOT5GG', 1, '5RE5JX6G508W', 1, 3, 9, 31),
(983, '1978-01-10', 184, '3ATE938GU4PW', 1, '4L6T18RDKJLO', 1, 4, 3, 9),
(984, '1950-08-17', 5281, '4D2E4KSXC19N', 0, '23L1K15YHHQV', 1, 1, 6, 27),
(985, '1973-12-14', 390, '4NBU79MREX0M', 1, '3YE5XY2P79O2', 1, 3, 4, 18),
(986, '1969-07-20', 488, '55159CYW2FCC', 1, '1ZRBU2BA221H', 1, 2, 3, 8),
(987, '1960-11-01', 219, 'MPM8TKYG20Z', 1, '1HWQOF4C4P0P', 1, 2, 3, 7),
(988, '1990-01-10', 3445, '5M5XX3A9SR2G', 0, '1XNEG6N0M4BF', 1, 3, 9, 31),
(989, '1947-01-22', 60, '4HGIWVVGTKMR', 1, '2OL8OCUOQIYW', 1, 4, 3, 1),
(990, '1955-05-02', 135, 'PVNXU4NE7K4', 1, '5Q5LRI7GU4S8', 1, 4, 3, 23),
(991, '1990-07-01', 152, '1A0F355X9IMO', 1, '1CEWIMGIJZD3', 1, 4, 4, 11),
(992, '1947-11-22', 6436, '1I0NOYOMOTIU', 0, '4D51R3ISRAIK', 1, 4, 9, 31),
(993, '1991-08-27', 1624, '5NZ31PLJZ7EE', 0, '1JAYB2E1BBSY', 2, 3, 9, 31),
(994, '1954-11-16', 215, '58CFG5I2OJ4F', 1, 'WOL0U94R2HW', 1, 1, 3, 1),
(995, '1953-10-19', 356, '2J1BKZUD9NKW', 1, '5TS65F68ERE9', 1, 4, 9, 31),
(996, '1979-05-07', 5323, '4NC26Q8QY2IS', 0, '51UIFJD033D2', 1, 4, 9, 31),
(997, '1986-02-13', 318, '2RPS4IYAMRWN', 1, '3E4YZJV1Q6H4', 1, 4, 3, 8),
(998, '1985-04-12', 125, 'S55CETYJHFZ', 1, 'MVL5UH24MZ4', 1, 3, 3, 21),
(999, '1959-06-16', 480, '4HE0BQIMJWWP', 1, '52SQ505P5HKX', 1, 3, 9, 31),
(1000, '1989-08-09', 1720, '5W39EKSBK12P', 0, '3SUFUFSYHDL1', 1, 2, 3, 23),
(1001, '1983-07-31', 5240, '1WKUXIJHU97D', 0, '2NEHAMRO1ICM', 1, 1, 3, 26),
(1002, '1948-12-31', 106, '59SW6LIUAGO1', 1, '5RH9VUABZZF5', 2, 4, 3, 19),
(1003, '1950-04-14', 3952, '2QRIHQW7GKQU', 0, '5Q6WY5TS6KNO', 1, 3, 3, 21),
(1004, '1987-10-31', 206, '191CBWC53ZO9', 1, '559JMKE6V8M6', 1, 4, 4, 11),
(1005, '1959-10-09', 252, '2M7XS123QHQT', 1, '4JL9BKAE2KPL', 1, 2, 3, 1),
(1006, '1975-04-17', 231, '96R73BKMWO7', 1, 'MMSFFI7VSSM', 1, 1, 3, 1),
(1007, '1983-04-20', 129, '3X87X2DVNC2T', 1, '3T1EGO3BSR7I', 1, 1, 3, 8),
(1008, '1985-11-29', 77, '40IP45Z4N473', 1, 'ABOA1IPKOQG', 1, 2, 3, 26),
(1009, '1947-12-31', 3304, '5UQV61JIYJF0', 0, '4JMN0QINV5O8', 1, 3, 9, 31),
(1010, '1963-12-04', 5799, '4N45Z0KWSIHT', 0, '3B9V6CPL3XPG', 1, 4, 3, 9),
(1011, '1970-08-23', 286, '5RNJOEKPE9IJ', 1, 'OY3J708KTLN', 1, 2, 9, 31),
(1012, '1983-10-20', 456, '1DDIUI737S0Y', 1, '2QTWUQSPKAIW', 1, 1, 9, 31),
(1013, '1976-03-14', 458, 'PW3BJ0LMEXT', 1, '5O99PWXBHN1J', 1, 3, 3, 25),
(1014, '1995-04-19', 155, '2OV47NOYJW2D', 1, '343FV4KRJRXW', 1, 4, 3, 25),
(1015, '1958-12-06', 206, '1ENW76KILSIL', 1, 'MXOV0CIV1SQ', 1, 2, 9, 31),
(1016, '1975-06-24', 5158, 'A7C7NF21HU4', 0, '24BDT81G24V8', 1, 2, 9, 31),
(1017, '1980-07-10', 30, '5QIQX2RUW7A', 1, '18ZSZWZTOJU6', 1, 2, 9, 31),
(1018, '2012-06-05', 184, '5TY4U1VRHE1L', 1, '564ZDTQJWRYO', 1, 2, 2, 16),
(1019, '1989-01-10', 242, '1IA9IFYK7MJK', 1, '64J1T3QE01X', 1, 4, 3, 23),
(1020, '1953-12-07', 382, '2MIIVXH3F9WS', 1, '5TQCZJ4RI5KN', 2, 4, 9, 31),
(1021, '1984-09-06', 3527, 'R6NXWM9B3WG', 0, '2OLG5TNMB6Y1', 1, 1, 9, 31),
(1022, '1992-08-07', 325, '4FF888HDSPWY', 1, '4F5TIVMOKTX1', 1, 2, 3, 8),
(1023, '1949-12-27', 385, '3RYOVNHGHR04', 1, '4ZJU6Z2N8AYQ', 1, 2, 3, 8),
(1024, '1968-06-04', 6262, '23KUHXA2CWGF', 0, '1FW276E0ZPJA', 1, 1, 3, 26),
(1025, '1957-07-22', 4785, '559N3FV8JFVH', 0, '25P5JIVYVAQW', 1, 4, 3, 12),
(1026, '1992-11-07', 136, '3CDVV9RCR4Q9', 1, 'UDH53OWYDZ7', 1, 2, 3, 8),
(1027, '1971-03-14', 430, '1ER4B4CET3FK', 1, '4F50OGEX6N14', 1, 4, 9, 31),
(1028, '1962-08-11', 42, '2IZHCUR5ND6D', 1, '5PBA2KCP0OIV', 1, 2, 3, 21),
(1029, '1949-02-03', 171, '94PHO2PROYW', 1, '2POZRFLJ9PO9', 1, 4, 3, 8),
(1030, '1965-09-08', 2568, 'S4PVHKWF5CG', 0, '5TWXNCJY0VX9', 1, 2, 3, 26),
(1031, '1957-01-14', 272, '5OAFLFANG4OA', 1, '63WJX7FOAOW', 2, 4, 9, 31),
(1032, '1948-10-20', 245, '5TWWK6BX1K14', 1, '2QP63LRJFWBF', 1, 4, 3, 23),
(1033, '1974-01-17', 145, '37X4VF6ZVZ69', 1, '5NYJIBX2AWC4', 2, 4, 9, 31),
(1034, '1993-08-23', 302, '57I7U812AC0T', 1, '3SV8DFA4R3SL', 1, 1, 3, 7),
(1035, '1979-09-08', 128, '4M7I7VX7FNH3', 1, '1EXZ0AKPGM7C', 1, 1, 3, 9),
(1036, '1956-03-05', 328, '577SGF9IDC5M', 1, '2LA1YO678OP8', 1, 2, 9, 31),
(1037, '1946-12-08', 460, '18YWTH2KAKY', 1, '1WKHHPUKHHVG', 2, 3, 9, 31),
(1038, '1995-03-28', 315, '4GBNOVSNUW88', 1, '50VX7V4B82F9', 1, 3, 9, 31),
(1039, '1954-02-07', 1582, '5RLN982IPYD1', 0, '2RQ5JD4IOJ80', 1, 1, 9, 31),
(1040, '1977-08-13', 4340, '2S1RA3QQNWNA', 0, '50FIGM3ASJET', 1, 3, 9, 31),
(1041, '1968-01-20', 162, '5N0NNHEHLXR1', 1, '3ZTBBGNDJ1CF', 1, 1, 9, 31),
(1042, '1995-12-30', 169, '22E45KOZ59Z6', 1, '5MS10HA0W3IX', 1, 4, 3, 21),
(1043, '1970-02-02', 145, '1IA9VFYVYHMT', 1, '3XDW8WJ0XVDW', 1, 3, 3, 21),
(1044, '1975-12-22', 259, '4E9GKCI63MJG', 1, '9DD8HO8L3LZ', 1, 3, 3, 12),
(1045, '1987-09-11', 280, '9FLPTINWNY2', 1, '50TI2A8IX5NT', 1, 2, 9, 31),
(1046, '1985-02-17', 380, '40QVMT1LXJ2J', 1, '1B6HA8RO4A5I', 1, 3, 3, 21),
(1047, '1950-09-18', 94, '36IMQ1PM1936', 1, 'T4N5S6C8KWU', 1, 3, 3, 7),
(1048, '1969-03-30', 3659, 'TJFGV114ALZ', 0, '34JC324PQK0X', 1, 4, 3, 21),
(1049, '1980-08-18', 222, '50JQ6Z2TSXWO', 1, '4ZFBILLXZUIR', 1, 2, 9, 31),
(1050, '1955-11-30', 388, '3SYNWUF3N5J3', 1, '51YHEC6ROFFM', 1, 1, 3, 23),
(1051, '1983-02-22', 213, '3TY3VMSD2FK', 1, '5V0NY433V6PP', 1, 1, 9, 31),
(1052, '1970-07-25', 468, '2L9VRU4SXAVU', 1, '23AFUOJZV0YC', 2, 2, 9, 31),
(1053, '1960-12-26', 104, '534B2ESKWKKP', 1, '3YG65YOQWYGS', 1, 4, 9, 31),
(1054, '1979-11-10', 4548, '3U3MD2Q0BVQC', 0, '2HX3AWXL04RD', 1, 3, 3, 26),
(1055, '1960-01-29', 428, '53WQTOB0LQLJ', 1, '3XM244EDYLE0', 2, 3, 9, 31),
(1056, '1964-12-30', 495, '3YQVN1JVQZ9F', 1, '2K7H8HCVC8OD', 1, 1, 3, 29),
(1057, '1959-12-16', 39, '3ZGZP3H7XFGR', 1, '1IWURGM5W4SO', 1, 4, 3, 7),
(1058, '1957-05-05', 471, 'QWV5BWXLRWL', 1, '58FNNVP75UKH', 1, 4, 9, 31),
(1059, '1959-05-03', 82, '5LQH8EMES7OT', 1, 'OO06ZQWQ1YG', 1, 3, 9, 31),
(1060, '1973-08-19', 160, '59MIF38MRTNQ', 1, '3QM9SCL5ERLI', 1, 1, 3, 8),
(1061, '1951-06-02', 5906, '50PHSIGEHT8V', 0, '3T3C09KE1DTE', 1, 4, 9, 31),
(1062, '1978-11-12', 470, '5RFO8V7671FS', 1, '5RBTW6X8QSMV', 1, 3, 9, 31),
(1063, '1974-09-03', 389, '2120KU54E9PS', 1, '2OTERFHNTDUJ', 1, 2, 3, 12),
(1064, '1951-11-30', 152, 'E8LNF5SIQ0', 1, '1A3TKMBUQ6KC', 1, 1, 3, 25),
(1065, '1946-12-03', 1613, 'SCGZSSZBHRH', 0, '2PNOKEH2EE0P', 1, 3, 9, 31),
(1066, '1986-02-03', 437, '5UQZ4SOY6Y1Y', 1, '1VOSORAO7LI4', 1, 3, 9, 31),
(1067, '1968-11-01', 22570, '3SQHRXWS4J81', 0, 'T9H9LWAEYLO', 1, 3, 9, 31),
(1068, '1987-04-27', 6402, '52O5XDSBALZA', 0, '2NIM4IX95PP5', 1, 4, 9, 31),
(1069, '1948-08-20', 144, '6037ONVDSHY', 1, '3569HR5IEDJB', 1, 2, 3, 29),
(1070, '1995-06-30', 387, '24HE6UD6CX8S', 1, '3U2SK1HRQ3W3', 1, 4, 3, 25),
(1071, '1958-12-01', 155, '4M7XOQOQIISK', 1, 'A9CT4E1YK8O', 1, 2, 3, 26),
(1072, '1950-02-25', 103, '51QBFI2PXEDZ', 1, '3QPXJFN1B8L8', 1, 4, 4, 10),
(1073, '1954-04-15', 37, '57BRN4TGF0GY', 1, '1FPSGNNT5SS9', 1, 4, 9, 31),
(1074, '1994-04-27', 6131, 'MENVWLLXODL', 0, '5P9FD69VXJZQ', 2, 4, 3, 25),
(1075, '1961-03-25', 2563, '59MC8X1N7GLU', 0, '40SZIV4C6HBC', 1, 2, 3, 8),
(1076, '1979-07-02', 81, '217YYL6K9C2X', 1, '2I13YFTNK8Q5', 1, 3, 9, 31),
(1077, '1948-07-17', 2455, '4JZ1PU1N7TIA', 0, 'NJGNCSPXL2Y', 1, 1, 3, 7),
(1078, '1979-08-26', 496, '5SIBHG3N4B2F', 1, '52Y5TA493O3X', 1, 2, 3, 25),
(1079, '1955-06-02', 364, '52MQJG5XVL1T', 1, '2GFI4OH0K6', 1, 3, 9, 31),
(1080, '1960-04-10', 294, '4ZLVGXFIO2ZM', 1, '1XN3DLQLKUXO', 1, 1, 3, 1),
(1081, '1946-12-28', 401, '1GRPX63EYQE0', 1, '5U08OFX1QTBA', 2, 3, 3, 29),
(1082, '1968-04-30', 86, '50DZS33J7EN9', 1, '3UZ6V8GLIFAK', 1, 3, 4, 11),
(1083, '1987-06-12', 5208, '3A5MPPBDBD84', 0, '40SS957PDW2E', 1, 4, 4, 10),
(1084, '1983-10-18', 1080, '3YSE7YKCTR0G', 0, '215X7KSM8GOO', 1, 2, 9, 31),
(1085, '1956-09-19', 177, '2ONE1W2C3Y47', 1, '205FADKKVE6R', 2, 4, 3, 29),
(1086, '1967-08-15', 363, '4L1NUWC740L9', 1, '4HBO3RO5BPHI', 1, 4, 3, 12),
(1087, '1969-11-26', 120, '2OGI9E5W3D6H', 1, '3ZSWFSJMQZS7', 1, 1, 3, 21),
(1088, '1966-11-27', 3143, '1ACL7WIE2NQX', 0, '1JDI2T9ER4D', 1, 4, 3, 25),
(1089, '1986-10-26', 153, '20TU0OFVTYPI', 1, '5O2TEK6LMSGZ', 2, 4, 9, 31),
(1090, '1989-05-24', 107, '1CLA4NZ0FVLK', 1, '3VBH4XZ0BC5Y', 2, 2, 9, 31),
(1091, '1992-06-21', 312, '3QSBEUB5N959', 1, '199L1DDI0KQW', 1, 1, 3, 9),
(1092, '1993-12-30', 378, '219UU3UOLMNQ', 1, '39RQ72BWPTK6', 1, 3, 1, 6),
(1093, '1989-08-30', 269, '1WIQOS8DOSPS', 1, '18PNWU6RXPQ', 1, 3, 3, 21),
(1094, '1969-11-02', 4144, '569UIHYCZH12', 0, '4IUBSPDS3IKI', 2, 3, 3, 23),
(1095, '1987-03-27', 384, '5615TQX8L9WP', 1, '2PASW81KC3P', 1, 3, 9, 31),
(1096, '1973-08-17', 1259, '23GZMQO3QBO9', 0, '4IX1NMRDBD3Y', 1, 1, 9, 31),
(1097, '1958-06-13', 473, '4E95WWISKQGP', 1, '4HODGRKPIE9F', 1, 1, 9, 31),
(1098, '1952-01-24', 3160, '2OCVL45DTM6L', 0, '1B62DKWVK96O', 1, 3, 3, 29),
(1099, '1972-05-26', 472, '2HWYT69B4RSK', 1, 'X09BLSGEUJB', 1, 2, 9, 31),
(1100, '1961-10-31', 3191, '5SU79TOGIUHX', 0, '4HQ0AXAZL4DJ', 1, 2, 4, 18),
(1101, '1948-08-30', 45, '207BPKU8K9KD', 1, '3DERLH42VE7I', 2, 4, 9, 31),
(1102, '1973-11-23', 355, '3YI4RKTNA6IB', 1, '1H1WCHLI4MTG', 2, 2, 3, 19),
(1103, '1950-07-18', 3741, '1CEAQLMKEZ58', 0, '4NG6GBLQ2WBG', 2, 2, 3, 26),
(1104, '1986-09-08', 246, '1A4KA0SPC5RB', 1, '3WDL0AWGTBPC', 1, 2, 9, 31),
(1105, '1984-07-31', 92, '3YI3H7D0TRP5', 1, '5NZ6HHJ5SC8T', 2, 2, 9, 31),
(1106, '1992-05-05', 315, '1CMD6MOI29N9', 1, '203PLIZGUVTN', 1, 2, 3, 29),
(1107, '1966-09-22', 6203, '23KQIGR2O8SG', 0, '1J6Q29899PEC', 1, 1, 3, 12),
(1108, '1948-10-18', 433, '40XFKUDIKHHD', 1, '5M3ZMB2UH601', 1, 2, 3, 26),
(1109, '1967-02-26', 302, '2KDHIBCWG4M9', 1, '24J080TPUSEH', 1, 2, 9, 31),
(1110, '1989-02-25', 1718, '3ZT67M0TYJHQ', 0, '8D3O07HFZKE', 1, 3, 3, 7),
(1111, '1975-11-13', 3373, '53WUYPUKBKDZ', 0, '3FJFXKQ2FDA', 1, 4, 9, 31),
(1112, '1994-04-22', 367, '1DD7R94K79PQ', 1, '4KA941PJ524', 1, 2, 3, 12),
(1113, '1972-08-09', 165, '23GQ078HJI1T', 1, '5UR1W4020W3X', 1, 1, 4, 3),
(1114, '1957-05-22', 171, '24BCXS6AZ7PK', 1, '5TMUB6IZN77F', 1, 3, 9, 31),
(1115, '1974-02-08', 385, '37WRS9SFFGQT', 1, '2J7CUAU2A5S9', 1, 2, 3, 1),
(1116, '1967-03-01', 6986, '3WIAVUNOIW41', 0, '1VA3BD961K03', 1, 4, 9, 31),
(1117, '1972-09-04', 192, '1B8WCEWNVLF0', 1, '4RX19FPAOHQ', 1, 2, 9, 31),
(1118, '1990-08-26', 362, 'Q03G79Z04IW', 1, '37IXHO01Y5FE', 2, 4, 3, 26),
(1119, '1948-07-29', 58, '2OTIIELSX8U2', 1, 'MTO1LBZB65R', 1, 2, 3, 26),
(1120, '1960-03-16', 316, '19ZSLX61N4N1', 1, '197ZUCUUS25K', 2, 2, 3, 21),
(1121, '1947-11-14', 73, '1CKHAUN2Z03D', 1, '54XGMW9GA07L', 1, 4, 9, 31),
(1122, '1973-07-14', 278, '4M32E0V3OZNW', 1, '1WCWKWN3BU30', 1, 2, 3, 1),
(1123, '1956-10-09', 274, '207K7AVDEZUG', 1, 'T6Y5LK2V972', 1, 4, 9, 31),
(1124, '1989-03-23', 488, '1YWZ842Z9G6W', 1, '4IT0U2I9N3Y3', 1, 2, 9, 31),
(1125, '1967-04-17', 96, '5PD92X0X7NXL', 1, '19XYX5DZKALO', 1, 1, 3, 8),
(1126, '1970-06-18', 3522, '4JWN4E64O7CL', 0, '3BVT5TDFD8UT', 2, 1, 9, 31),
(1127, '1978-02-07', 338, '224TCWB2CXL9', 1, '52SXDR5YM3LJ', 1, 3, 3, 23),
(1128, '1952-11-14', 28, '53T8CFRG0L54', 1, 'SGJV633WGAO', 1, 1, 3, 29),
(1129, '1986-06-02', 4928, '2KDLIPVC4LLF', 0, 'VI0642NU2QX', 1, 4, 9, 31),
(1130, '1984-12-10', 260, '2G1RWXERAZ', 1, '34HYLBAF98IO', 1, 2, 9, 31),
(1131, '1985-02-05', 442, '2OKYKIOGDTY4', 1, '3ZQKDDOW7MLP', 2, 2, 3, 7),
(1132, '1982-06-28', 366, '2OEI8UC6JL2O', 1, 'R61XFGWXBXB', 1, 3, 3, 23),
(1133, '1958-11-21', 52, '1DH40IOXNBC7', 1, '1FCGUPQLH8A', 1, 1, 3, 26),
(1134, '1950-05-17', 1477, '5TMFA628QU14', 0, '3SWRAW8J9UFZ', 1, 2, 3, 29),
(1135, '1977-04-13', 2100, '19Y31DTO9BW8', 0, '345XJIXZU89Y', 1, 1, 5, 17),
(1136, '1956-07-22', 1779, '4EGWZZ2DSGRG', 0, '195GRIL9WDBU', 1, 2, 9, 31),
(1137, '1977-12-17', 196, '3YA4VO62P155', 1, '1EFHU9YLKY43', 1, 1, 3, 7),
(1138, '1974-09-28', 325, '4KV6UTIT41GY', 1, '5RPO38TFVGQK', 1, 1, 3, 9),
(1139, '1954-10-19', 257, '2OT0DC74O3R3', 1, '5612156EYIST', 1, 2, 4, 11),
(1140, '1992-05-31', 2250, '3YE9JA614IMP', 0, '4GJEUVR5IL3W', 1, 3, 9, 31),
(1141, '1971-07-27', 226, '3BZVNZYY02YS', 1, '3CABVXD66OXV', 1, 1, 3, 23),
(1142, '1968-06-27', 2466, '40L480MVF0M9', 0, '4FB96FBMHB8L', 1, 1, 9, 31),
(1143, '1953-08-18', 201, '25LMZ6OQGMLM', 1, '5474PCE2MHL1', 1, 2, 3, 23),
(1144, '1976-11-29', 4080, 'GJU7WG8O88', 0, '345BYMMHDJKN', 1, 4, 3, 19),
(1145, '1989-02-15', 375, '4D590QD3FVSH', 1, '1WD3LFC0G8UR', 1, 3, 3, 21),
(1146, '1995-05-30', 3175, '5VSRKBA3Z8XA', 0, '56FKD4IJEHUB', 1, 3, 3, 12),
(1147, '2012-10-25', 3382, '3D49WUBWEE9O', 0, '4F5QN1E1VDTZ', 1, 1, 2, 16),
(1148, '1967-01-31', 24, '3ZXFVVPT237I', 1, '2K1DYMWQE4KE', 1, 2, 3, 25),
(1149, '1971-08-24', 301, '60L64WQ9S9R', 1, '37OGW3JTMNC9', 1, 4, 4, 10),
(1150, '1984-11-13', 3229, '1DKOIUXP18CP', 0, 'NJOT5EJSQ7L', 1, 4, 4, 10),
(1151, '1990-10-26', 53, '1J2SHR3QLAPG', 1, '1FLH2JXUGBKT', 2, 4, 3, 9),
(1152, '1961-11-11', 4933, '1B4FFD6GUAFQ', 0, 'QY3QKESYANH', 1, 3, 3, 8),
(1153, '1987-05-06', 379, '2IQWGONDHZXI', 1, '4ZHYGOS20QGC', 1, 4, 9, 31),
(1154, '1958-09-15', 162, '1ERX013N49NC', 1, '25NNFIJIG4IA', 2, 4, 3, 19),
(1155, '1951-02-18', 371, '3V9JRFF25D2X', 1, '3TN2PC2TA3I', 1, 4, 3, 26),
(1156, '1954-10-29', 413, 'AL9JEX3FIOC', 1, '3TQUYMT0RLU', 1, 1, 9, 31),
(1157, '1948-11-28', 309, '5RK8OK1O5OQ1', 1, '5TSK9IASVCN0', 1, 1, 3, 21),
(1158, '1973-12-09', 107, '4Z8Z983HBG2D', 1, '2NKRB21RRIN8', 1, 4, 9, 31),
(1159, '1963-06-13', 402, '58I7BGL37YBP', 1, '3VNSZ3JFBTS', 1, 2, 9, 31),
(1160, '1987-12-01', 399, '3C3LM4ZPW3RH', 1, '2S7TN8T9ES49', 1, 4, 9, 31),
(1161, '1962-03-05', 118, '1XUXQ1FYSE0M', 1, '2FN99E90KOK', 1, 4, 3, 29),
(1162, '1959-06-01', 283, '38OPAH9Z3OQI', 1, '7UJXAOUUS7H', 2, 1, 9, 31),
(1163, '1977-11-08', 3021, '3DCKOYISUI0K', 0, '5O2LCU0I43XX', 1, 1, 9, 31),
(1164, '1947-03-09', 1030, 'A9K1WFAUM2D', 0, '2NCVA7W308H2', 1, 3, 9, 31),
(1165, '1949-02-08', 358, 'C8DC2ZEJK', 1, '58QCX5ICCMYT', 1, 3, 3, 8),
(1166, '1971-11-09', 497, '4W1NAJG8GL5', 1, '1EVQWZC1MMQF', 1, 2, 3, 23),
(1167, '1956-01-09', 1371, '2QTM0N0U5QAK', 0, '1CIV06KFMF2T', 1, 4, 4, 18),
(1168, '1964-02-13', 154, '5UQVQCD93094', 1, '8B31YNEVK28', 2, 1, 3, 19),
(1169, '1969-06-01', 3955, '626WTB55W8Q', 0, '50LU7Y4D8PES', 1, 3, 9, 31),
(1170, '1975-02-16', 154, '4M3SBZGA8MDX', 1, 'A7MYH5JUVDC', 1, 4, 3, 7),
(1171, '1993-07-04', 367, '3YN1U33U4AN4', 1, '1A5ODYNR72K6', 1, 4, 3, 29),
(1172, '1971-02-22', 4315, '3U99SCBGGHJ0', 0, '37MZ6SIKLNL0', 1, 4, 9, 31),
(1173, '1962-11-28', 475, 'U92VVWOMCK1', 1, 'ICTYSWWZLX', 1, 2, 9, 31),
(1174, '1970-01-21', 450, '3ZP8T6I9P8D4', 1, '4HCHCN4RZFZ5', 1, 3, 9, 31),
(1175, '1958-09-09', 6632, '3B790RB5SP1S', 0, '2H9TZYEPFIE', 1, 2, 3, 1),
(1176, '1981-01-25', 391, '4HM2NRB2558P', 1, '2I1FR22E4JXS', 1, 3, 3, 26),
(1177, '1984-02-23', 5446, '2RY5ECM7HFNF', 0, '1EF8BVQUQS0R', 1, 3, 9, 31),
(1178, '1984-04-23', 55, '38ZGR9VO2OW7', 1, '36IQDE03RS99', 1, 1, 9, 31),
(1179, '1959-07-21', 111, '21Y5S0H1KK7N', 1, '1C8NVEZI633J', 1, 1, 3, 9),
(1180, '1987-06-25', 2217, '9FELZQT3QTH', 0, '52UIFXQ20E1T', 1, 1, 9, 31),
(1181, '1961-07-04', 292, '5QLMIOXN5XGT', 1, '4JVUZBKTNH0', 1, 4, 3, 8),
(1182, '1971-06-24', 4993, '25CVCWX6YN1B', 0, '5RPVKKX8F1Y4', 1, 1, 9, 31),
(1183, '2013-10-17', 47, '40YYL6YA1CSN', 1, '1WV57Q6BHUZ4', 1, 3, 2, 16),
(1184, '1956-02-15', 106, '2M400JDUWVL4', 1, '3X7QANM6JEBO', 1, 3, 8, 1),
(1185, '1994-11-05', 436, '3WBORFDC4I9E', 1, '3YQH49TCJ26P', 1, 4, 3, 26),
(1186, '1973-05-17', 1089, '37MA5WMFQYP9', 0, '3T0T8WTYQAGA', 1, 3, 4, 10),
(1187, '1963-05-27', 35, 'NZ4JZSWE4S9', 1, '2S7WPREW2D81', 1, 3, 3, 26),
(1188, '1961-07-29', 375, '4CUJ0FC56WVW', 1, '1I2B2496JHWT', 1, 1, 3, 23),
(1189, '1980-03-31', 416, '2HT5QZH1TU6H', 1, '38OWHUZX0TLB', 2, 4, 6, 28),
(1190, '1995-02-11', 161, '4GA6EMHAICSW', 1, '4KYV0B8NJ1XG', 1, 2, 9, 31),
(1191, '1970-04-14', 458, '39MR0CYYTVLV', 1, '18W74UQ5Q2B', 1, 3, 3, 1),
(1192, '1984-08-11', 112, '55B5K3BBVB35', 1, '4EDDZEOYG7XC', 1, 4, 3, 23),
(1193, '1979-04-25', 400, '1I4Q5N8AWLV5', 1, '6ST47L3R7AG', 1, 3, 3, 1),
(1194, '1970-11-17', 1855, '39ZGFDD5V558', 0, '213ZX5E25D8W', 1, 1, 3, 26),
(1195, '1966-02-18', 152, '59SZZTC3BSU6', 1, '3XK88QL4SJ5T', 1, 4, 9, 31),
(1196, '1981-10-12', 141, '1B8LIDJOPGEN', 1, '226NEJI6O961', 1, 2, 3, 29),
(1197, '1973-09-16', 5135, '36QOYN23O0KT', 0, '3C80YYAKM3FP', 2, 3, 3, 9),
(1198, '1978-08-07', 374, '1H4FOUAKOZDE', 1, 'VFL935HKXP2', 1, 3, 3, 21),
(1199, '1989-04-14', 493, '24ITCACKVR78', 1, '5TM0P4MQCPVT', 1, 1, 9, 31),
(1200, '1972-02-03', 206, '4KZ2F2TO7C9H', 1, '4E5G422QG28M', 1, 3, 3, 8),
(1201, '1962-08-06', 6635, '5306XX1QC0LM', 0, '22ELYTH98MNP', 1, 4, 3, 25),
(1202, '1951-11-24', 492, '4FHPNRMYH53U', 1, '3ZUTW30LOGCN', 1, 3, 3, 26),
(1203, '1985-08-20', 452, 'Q8HTWUGT6KG', 1, '5VXEBZLTIQUX', 1, 2, 4, 18),
(1204, '1978-03-05', 117, '4GE6TDXJVL5Q', 1, '70Z5NI3TW94', 1, 4, 3, 25),
(1205, '1978-09-13', 2121, '34I4PSIHTSZO', 0, '5UUDFHZ9HG83', 1, 3, 3, 1),
(1206, '1983-02-21', 6900, '58EK2ZFVAKPR', 0, '2OVFH49K9KFA', 1, 1, 9, 31),
(1207, '1993-07-06', 3840, 'MT9H7XMMHDA', 0, 'NXPJFNV3QOA', 1, 1, 3, 9),
(1208, '1953-07-18', 394, '4JUSHUCUQEGR', 1, '2RU3LSKJ3DSN', 1, 2, 3, 7),
(1209, '1962-03-26', 5254, 'U9CCZAFFLMU', 0, '4FDB8I825181', 1, 4, 3, 19),
(1210, '1954-09-14', 414, '5MSQKQFD015C', 1, 'A788NZCS5DN', 1, 4, 9, 31),
(1211, '1979-06-10', 326, '3QUQ7J8XEB6J', 1, 'P1JHBZSQSLP', 1, 2, 9, 31),
(1212, '1979-06-05', 102, '39XJSBANCUW5', 1, '1FU5K63MD99G', 1, 1, 9, 31),
(1213, '1976-10-06', 28, '23B1VGDOCYJC', 1, '51NS8Q7QLBV9', 1, 4, 9, 31),
(1214, '1987-03-08', 2782, 'VLCU9NZ6QVN', 0, '2R5PDH0750R', 1, 3, 5, 17),
(1215, '1992-10-23', 5050, '9AZT2F5XJPY', 0, '2HZ6883J3TCY', 1, 4, 9, 31),
(1216, '1979-09-27', 46730, '3UZROIX0UYWV', 0, '2NF40GRV03ZC', 1, 2, 3, 9),
(1217, '1984-07-22', 48, '2PL5NC2AX218', 1, 'VTM40BUU18D', 1, 2, 9, 31),
(1218, '1965-04-19', 1833, '3TXG89VFDCGR', 0, '4HPZXUDIX051', 2, 2, 4, 11),
(1219, '1978-09-09', 5289, '587PSJKONYYF', 0, '1ERBDWDEAO9C', 1, 2, 9, 31),
(1220, '1949-04-29', 5393, 'Q24LNYANT75', 0, '2QLQJ4XODL0L', 2, 4, 9, 31),
(1221, '1960-05-31', 158, '4IWG6BG1HPT2', 1, '5OD9FUT9SWID', 1, 3, 3, 1),
(1222, '1947-03-27', 5045, '3XC9TQKG7ALD', 0, '1J6N6GDKVP78', 1, 1, 3, 7),
(1223, '1992-10-28', 258, '2S23AVGEZ1PU', 1, '5W55V2WTGQH3', 1, 3, 3, 23),
(1224, '1995-02-07', 1914, 'A3SMJNT6S6H', 0, '5W4VI28KN9JB', 2, 3, 9, 31),
(1225, '1972-10-31', 317, '4JN5L6HDX7PJ', 1, '5RJHXV2D6GH4', 1, 3, 3, 7),
(1226, '1974-11-30', 48, '3SWGZGS2LR5K', 1, '5QF6N0DWZTNG', 1, 2, 9, 31),
(1227, '1954-12-11', 6152, '3DES5SM8L1F0', 0, '224P6AXERNJM', 1, 4, 3, 25),
(1228, '1956-02-16', 40739, '59ON28CR5FOK', 0, 'UNSI6PWNZGB', 1, 3, 3, 23),
(1229, '1978-11-04', 379, '4E6XAMQ9CFPW', 1, '1XWVH58ANMFV', 1, 4, 3, 25),
(1230, '1970-06-26', 2133, '970K7MGJLKD', 0, '554OB3UZQPCS', 1, 4, 3, 26),
(1231, '1972-02-09', 255, '51QM409TBK6D', 1, '3WA92LHQXW16', 1, 4, 9, 31),
(1232, '1982-04-11', 423, '5VZIYX09FAG4', 1, '2NIUONETU8OQ', 1, 3, 3, 26),
(1233, '1984-03-15', 375, '90W90PW43MX', 1, 'VW8OW5WZL79', 1, 3, 3, 21),
(1234, '1954-05-21', 1952, '3CDK6V6I0F68', 0, '2J92QLNFYEBX', 1, 1, 3, 23),
(1235, '1991-02-21', 4432, '3U7FDNVUG368', 0, '2PKTT10RX7JE', 1, 4, 3, 8),
(1236, '1979-01-29', 3395, 'AJPSEPQUQM6', 0, '1J6MGN6JMD86', 1, 1, 3, 1),
(1237, '1952-07-01', 4873, '2I52ECMM3609', 0, 'NL3OEM7H7OH', 2, 2, 3, 8),
(1238, '1968-05-09', 230, '36KRVL6XTFAX', 1, '1XGJ91UG4ZPI', 1, 2, 3, 25),
(1239, '1982-02-18', 1483, '3VA1RMI6V2H0', 0, '5VWM7ZU9S45X', 1, 1, 3, 21),
(1240, '1961-02-04', 143, 'WROLXVE4I8E', 1, '195YE93W88C9', 1, 4, 3, 9),
(1241, '1982-10-28', 172, '892S8E8A5GG', 1, '2LAA990ECFBG', 1, 1, 9, 31),
(1242, '1961-08-10', 222, '1JESYXYCUWQ0', 1, '1CIBS9XAZ561', 1, 1, 3, 29),
(1243, '1958-12-01', 144, '3ZIHSF5I5KTE', 1, '3U5CGAO2FV5J', 1, 1, 3, 9),
(1244, '1982-10-25', 2734, '3C6AH7DVKBQD', 0, '17AOYQBF534', 1, 3, 3, 25),
(1245, '1947-07-12', 92, '2APKAN277ON', 1, '3W9RRNBFYZ7J', 1, 3, 3, 1),
(1246, '1985-10-13', 318, '34FTT8NANYV5', 1, '3YGWNVVJUTUC', 2, 1, 9, 31),
(1247, '1947-06-12', 190, '1XLHNCLSIR0T', 1, '39OSBZNQC3OE', 1, 1, 9, 31),
(1248, '1950-11-20', 284, '1EPIRW4LH98U', 1, '3T74GAGSFNGZ', 1, 3, 3, 1),
(1249, '1988-02-15', 368, '3YQZ7ZFTGLQT', 1, '1AEJNUSXYDBP', 2, 1, 3, 19),
(1250, '1981-09-24', 5458, '5O8NKUKQ6I68', 0, '2HSJG1V64ED6', 1, 1, 3, 23),
(1251, '1976-11-13', 273, '2J33TKC9KNT1', 1, '2S7WV6P6F5UV', 1, 2, 3, 29),
(1252, '1949-06-27', 115, '4ISM27X8R8F9', 1, 'WJNGLWBHNRR', 1, 3, 4, 11),
(1253, '1986-10-28', 44, 'SGIEJZ3P0C1', 1, '3U9KHVCXFZSF', 1, 4, 9, 31),
(1254, '1972-05-20', 4083, 'ORMXEROJMRP', 0, '7UQ9C2GTX19', 2, 4, 9, 31),
(1255, '1947-10-17', 3932, 'TJ20U38Z0YS', 0, '232S14D5SQ83', 1, 3, 3, 26),
(1256, '1967-10-30', 4314, '1WCWW6Q060RL', 0, '59OJLUII7ZO1', 1, 3, 9, 31),
(1257, '1954-01-10', 258, '1VALZMGP0G3P', 1, '2GUE1HKAZ0O', 1, 1, 3, 1),
(1258, '1992-04-25', 318, '70KTTKYOIBB', 1, '2OPDILENZYO1', 1, 2, 3, 12),
(1259, '1981-08-06', 338, '532P5TBWOGH2', 1, '1961HOLIJIL3', 1, 3, 4, 11),
(1260, '1953-02-28', 3636, '2NO96ZH507H8', 0, '5TKOYLF4EH4Y', 1, 1, 3, 12),
(1261, '1960-07-31', 59, '1DGQYH07FDL1', 1, '5TMNFTCR3ZP2', 1, 2, 3, 8),
(1262, '1965-07-16', 6219, '2OMVJKE82LWL', 0, '4ED3A9G810FY', 2, 1, 3, 8),
(1263, '1987-04-28', 176, '5QDO4BDP1VIC', 1, '4IGI77LLGJOX', 1, 3, 9, 31),
(1264, '1968-03-28', 56, '1ZR8JUOYLCAX', 1, '2PYZ93QDZR0J', 1, 1, 3, 12),
(1265, '1955-08-05', 325, '5636981YJ237', 1, '2HX66RGY9USI', 1, 3, 3, 26),
(1266, '1987-12-13', 299, '5497TVFR4K6Y', 1, '34E1D820VWHQ', 1, 3, 9, 31),
(1267, '1987-04-23', 4985, '4JWX2ON3DCON', 0, '53QDS9L5AG6V', 1, 3, 4, 10),
(1268, '1991-11-08', 115, '1BE4QNI4R14J', 1, '37OSBOKWHUM1', 1, 1, 9, 31),
(1269, '1947-06-19', 402, '1FXUMXG7ST11', 1, '5QJFJTR23CPY', 2, 3, 4, 3),
(1270, '1969-10-13', 343, '4DYV3SMJ1SN9', 1, '37MZVY3WDNK0', 1, 2, 9, 31),
(1271, '1966-11-30', 5394, '2KBSEIPKNL48', 0, '5QFOKUUMGY37', 2, 1, 3, 26),
(1272, '1977-03-15', 212, '3W2KI1D4XBU', 1, '4L1OYLOKG8', 1, 4, 9, 31),
(1273, '1953-09-13', 206, '1DARPT5M1LXS', 1, '3V8XWJPEEA1', 1, 3, 3, 29),
(1274, '1961-07-10', 1037, 'MTGRNB7DYS8', 0, '36A2CVTVN879', 1, 2, 3, 7),
(1275, '1987-01-26', 275, '6SB7D34PKQ0', 1, '4E7FMV8XLIWP', 1, 3, 3, 8),
(1276, '1947-11-17', 494, '59CK070XQB4V', 1, '2RS7RIUYXVSQ', 1, 3, 9, 31),
(1277, '1973-10-05', 477, '4NEDAU9VZVDJ', 1, 'Q6OFF36LQVY', 1, 1, 3, 1),
(1278, '1948-08-09', 4484, 'VDWDOO41YJT', 0, 'T6TXFAMG2CP', 1, 1, 3, 25),
(1279, '1956-03-22', 285, '2PN8T8HNH5EB', 1, '4E0OSAL2LAM5', 1, 2, 3, 23),
(1280, '1986-05-11', 1934, '1C6RFX0E68XP', 0, '3ZP9KA58YDZE', 1, 1, 9, 31),
(1281, '1962-10-24', 6523, '2H68NECW8I5', 0, '21YL0ET8PDPB', 1, 4, 9, 31),
(1282, '1950-10-25', 6292, '2PLJ3GIGL5MZ', 0, '4EDA45SKVL6P', 1, 4, 3, 7),
(1283, '1965-04-29', 376, 'UL8UPWC0FW4', 1, '3WFPZC7PE1QP', 1, 2, 4, 3),
(1284, '1960-07-07', 372, 'O1T9MWX0OR4', 1, '25LQO8T35Y1G', 2, 4, 6, 27),
(1285, '1995-03-23', 269, '359KKR1UP693', 1, 'AIFK17BRHW', 1, 4, 3, 9),
(1286, '1995-08-30', 362, 'S8R2KV1OWQN', 1, '3TVFT56HUXFE', 1, 3, 9, 31),
(1287, '1987-09-22', 243, '38UM432M8E4K', 1, '1YZDI9TRAUQY', 1, 2, 3, 12),
(1288, '1976-07-16', 291, '25J4RC6OYBF5', 1, '1GZW6EEDO7T9', 1, 1, 3, 1),
(1289, '1955-12-12', 336, '5RD9NKLKPM1A', 1, '4M1QZSD647GW', 1, 1, 3, 9),
(1290, '1964-08-21', 226, '1BIRKJPPYMWH', 1, '555DQ67LGP7A', 1, 4, 9, 31),
(1291, '1946-08-16', 2878, '4IQW7BQV894B', 0, '53QB19KF9MPT', 1, 2, 9, 31),
(1292, '1970-03-07', 202, '195GERWI1J1D', 1, '59ISD1QBVEQ9', 1, 1, 9, 31),
(1293, '1974-12-29', 6819, '25CUVNVSQFX9', 0, '4RUSXZ6AAQP', 1, 4, 3, 1),
(1294, '1954-07-28', 4047, '2HN31WCM0ARM', 0, '2PZFT160GE4W', 1, 1, 3, 23),
(1295, '1968-06-19', 104, '3B5W58NCNCM8', 1, '1WMVV3VFA0OK', 1, 3, 9, 31),
(1296, '1950-12-22', 435, '1CGULWDYV462', 1, '3DC98FKDQTYV', 2, 4, 3, 7),
(1297, '1980-09-29', 340, '59G6NTJJLWQ9', 1, '2NQEX44688M3', 1, 3, 9, 31),
(1298, '1949-05-04', 3418, '4E54GGY5SAPW', 0, '219UFP1ODKDF', 1, 1, 9, 31),
(1299, '1963-01-15', 1889, '1WV50TCLO9V0', 0, 'S8YBYZ115ZC', 1, 2, 9, 31),
(1300, '1965-09-05', 1722, '38P7EDZ7L2BU', 0, '218DFDON5IU9', 1, 1, 3, 26),
(1301, '1995-10-05', 138, '58OGIASU4L6N', 1, '4DCVLGSB5S63', 1, 1, 9, 31),
(1302, '1987-02-11', 298, '1GS02ZC49OO0', 1, '3SYNX4Z95A5N', 1, 4, 3, 19),
(1303, '1948-12-19', 444, '4NCD20YWFOV3', 1, '1YZA6EXXH6MS', 1, 4, 3, 8),
(1304, '1976-02-26', 362, '5UMMU3VZQB4', 1, 'Q89L6SWG7YG', 1, 4, 9, 31),
(1305, '1973-07-16', 3276, 'WRVP6D35VLK', 0, '530YI2013MKC', 1, 4, 9, 31),
(1306, '1978-12-10', 217, '2F9H3L36M86', 1, '58PRGWY4A008', 2, 4, 3, 1),
(1307, '1966-08-17', 6169, '217QSHP48LWQ', 0, '18VDY6PYT4YL', 1, 3, 9, 31),
(1308, '1987-02-03', 95, '2J3CIU466F7D', 1, '3RMKHZEI8T64', 1, 2, 9, 31),
(1309, '1959-02-02', 39, 'NTQWUUP550T', 1, '2NQIOJGHVMQ5', 1, 2, 9, 31),
(1310, '1981-01-05', 3361, '4D966LNEPS7S', 0, '219Z5CS4ELIJ', 1, 1, 9, 31),
(1311, '1984-06-21', 355, '1IYXZXJR9979', 1, '226N70AYBMZE', 1, 1, 9, 31),
(1312, '1982-09-03', 4154, '1CL5YN197VM5', 0, '3RN05HN50NF6', 1, 1, 3, 7),
(1313, '1975-11-10', 119, '530VFBURFLXB', 1, '3BZN4KXR25YA', 1, 1, 3, 1),
(1314, '1983-07-15', 335, '38RF340T3GEY', 1, '4IO6SFIRTKDT', 1, 1, 3, 8),
(1315, '1964-11-10', 336, '3T5BHVTFALJK', 1, 'TLDWUEMO5KQ', 1, 2, 9, 31),
(1316, '1962-03-25', 431, 'WKBUGKDYQ1H', 1, '25DHCL9F1Q99', 1, 2, 3, 21),
(1317, '1995-12-05', 436, '1AFRDKFQ66RS', 1, '2RZUWH2PRJT0', 1, 4, 9, 31),
(1318, '1987-08-18', 1859, '34JCHM3GHQUM', 0, 'NTZ1KFYENNU', 1, 3, 3, 9),
(1319, '1955-07-28', 5813, '5SM8W5QQKGL4', 0, '2J4XJXMJ9Q4R', 1, 4, 3, 29),
(1320, '1969-06-19', 2462, '5UQVOMIFI2F8', 0, 'VHMX65JWS9A', 1, 3, 9, 31),
(1321, '1951-06-12', 212, '3D2OJWK09PQC', 1, '4D79GKHUOR1F', 1, 2, 3, 19),
(1322, '1968-02-17', 1630, '4GHFCMLDDJPT', 0, '21Y52IYBOBFE', 1, 1, 6, 27),
(1323, '1980-12-01', 2348, '3XC1GA2EFIHR', 0, '3V1D0Y1K4DMS', 1, 2, 3, 1),
(1324, '1985-12-11', 6003, '3CC2BG4T5AVN', 0, '25CYTRPTZVEJ', 1, 3, 3, 9),
(1325, '1981-11-30', 399, '4MBYVF7PF5M8', 1, '3CDNZRGLX1BR', 1, 3, 3, 1),
(1326, '1948-07-07', 152, '37ETIT35YGTV', 1, '52MV81508UMM', 1, 3, 9, 31),
(1327, '1984-12-12', 304, '2I2XTG6YMR3D', 1, '1FU1QLRN1SYS', 1, 4, 3, 7),
(1328, '1982-01-20', 6695, '91HOKUZX99B', 0, '3ATME0QM57PF', 1, 3, 9, 31),
(1329, '1972-08-07', 42319, '78D79NK78C1', 0, '5O0KZR466S31', 1, 1, 3, 12),
(1330, '1987-07-19', 308, '4HRVJY22RVA4', 1, '5Q755JIDHKLD', 1, 4, 3, 12),
(1331, '1971-05-16', 5914, 'MHH60ACU141', 0, '5PXBX1153WG', 1, 1, 9, 31),
(1332, '1965-06-20', 248, '4ZFHWXUEDLIY', 1, '3DIOYUUT3OS4', 1, 1, 4, 11),
(1333, '1971-11-18', 311, '1ZU5BP9C5PEY', 1, '59Q6DB42E40N', 1, 3, 3, 25),
(1334, '1969-08-13', 277, '35FQQNTNI6B7', 1, '5SWME9TG28IJ', 1, 2, 3, 29),
(1335, '1985-04-22', 460, '51I1RRGX71ZV', 1, '212AS0YU89QO', 2, 1, 3, 7),
(1336, '1995-01-18', 72, '4EBKH4QWVAWQ', 1, '1ET8649NM0XM', 1, 1, 3, 12),
(1337, '1975-11-10', 246, '18XDOXIB4V5D', 1, '3EMYJE3U1I24', 2, 1, 3, 8),
(1338, '1978-04-22', 78, '4KV6WS34W4IS', 1, '34DTLS46H6UP', 1, 1, 3, 8),
(1339, '1985-07-21', 437, 'CF2VSWA7XK', 1, '2K20OMTVSXGU', 1, 1, 3, 7),
(1340, '1953-02-27', 344, 'OZHF7VF5437', 1, '3QPZQU2ATDGP', 1, 2, 9, 31),
(1341, '1964-12-30', 191, '59QKE1U5UFBB', 1, '2J3J2Y15JIW2', 1, 2, 3, 9),
(1342, '1953-08-15', 4139, '2RPVDEUN981X', 0, '58C4JTV6NN5S', 1, 3, 9, 31),
(1343, '1946-11-16', 213, 'S8OCOC4AE2G', 1, '3AZG7NSW2XV0', 1, 4, 3, 1),
(1344, '1976-11-24', 106, '97IQVI79V7G', 1, '58IABMJGJGRR', 1, 4, 3, 19),
(1345, '1968-01-26', 345, '3E6AKN3I49YH', 1, '5OACXJ2TK6F4', 1, 3, 9, 31),
(1346, '1986-02-08', 485, '3SR0FLABYTI5', 1, '18ZU1PRVQU9D', 1, 2, 3, 29),
(1347, '1963-09-13', 314, '3YE6A8SMJD71', 1, '36AHZPZCCD62', 1, 2, 9, 31),
(1348, '1976-12-25', 320, '53WBZ0EC27PQ', 1, '1Z3JDOQ0TFVP', 1, 2, 3, 25),
(1349, '1994-01-27', 476, '1EHUE06A0OBA', 1, '2IR4ZGYX2KJ4', 1, 3, 3, 19),
(1350, '1985-03-13', 293, '1J30HX7DIXBQ', 1, '4JT75O0A9K58', 1, 1, 9, 31),
(1351, '1995-06-14', 259, '3QY3LVE4QFZW', 1, '39XJACBFSLQC', 1, 2, 9, 31),
(1352, '1981-01-23', 6896, '3WKF4VNOUGYG', 0, '20W2236UBJJX', 1, 3, 4, 18),
(1353, '1976-09-30', 115, '22CD6QTSSHL1', 1, '1DMRHNAK871J', 1, 4, 3, 25),
(1354, '1995-07-27', 372, '1DSTAJE5Q2D3', 1, '4M9QM7QRCVO', 2, 3, 3, 9),
(1355, '1979-12-31', 5948, '1XJ9SXBEBADV', 0, 'Q1T427S6VEL', 1, 1, 9, 31),
(1356, '1958-07-01', 3277, '2L1H721BHVU1', 0, '1GYSM8KLMBL', 1, 2, 4, 10),
(1357, '1991-07-23', 109, 'VJIRQATFBF6', 1, '2182D55XOUWL', 1, 2, 3, 8),
(1358, '1972-06-28', 32, '3B7FNVA0SA98', 1, '4JSDSTV80F2F', 1, 3, 3, 12),
(1359, '1986-11-09', 423, '51WK45DT9RP3', 1, '3SQEC2A4UDCP', 1, 1, 9, 31),
(1360, '1984-03-13', 456, '2KBARYE18YHD', 1, '2IZP5QW0QW6A', 1, 2, 9, 31),
(1361, '1957-10-05', 267, '1EEXHFKB3NZ6', 1, '4DB37LPY3OTN', 1, 1, 5, 17),
(1362, '1960-08-21', 5319, '3C5PAXJWLYAK', 0, '4EBAU4FYYA43', 1, 1, 9, 31),
(1363, '1957-10-11', 133, '2K6590RZY64X', 1, '2JZD51BILD1L', 1, 1, 6, 27),
(1364, '1947-08-10', 5701, 'P07YR7R3R4O', 0, '1HYKKOY1IDYV', 1, 2, 3, 8),
(1365, '1994-07-19', 446, '21ZYPE2DF83U', 1, 'R0P9AWVH07G', 1, 1, 9, 31),
(1366, '1968-05-23', 102, '20XVR8HLXFAH', 1, '1EH875HK37TI', 1, 2, 3, 25),
(1367, '1983-05-20', 5832, '4HMDDJVZOFXA', 0, '1WGQU1V31HHO', 1, 2, 3, 21),
(1368, '1963-01-26', 251, '34K6LW8DFCMD', 1, 'MVKAABJO6FX', 1, 4, 3, 19),
(1369, '1946-12-20', 129, 'VDZBX46BJHT', 1, '1B47Z7NGP2DH', 1, 4, 9, 31),
(1370, '1994-01-24', 3643, '3YSDK44QWSBG', 0, '82X9C5XJ1YT', 1, 1, 3, 8),
(1371, '1978-07-03', 3246, '1XN686OFTHZT', 0, '2RYGMYFHFWSW', 1, 3, 9, 31),
(1372, '1994-04-04', 122, '2HOPNCSWR9SA', 1, '22EL2IEDRN6F', 1, 4, 9, 31),
(1373, '1973-09-30', 158, '1GPO7R9MUDU3', 1, '2RZRR6JD76K1', 2, 4, 4, 10),
(1374, '1955-01-17', 21, '40RCVHCW9PB6', 1, '2OSLGILITKN7', 1, 3, 3, 26),
(1375, '1964-11-06', 484, '5US9FWZ8IB91', 1, '1H2FR1U6E9A', 1, 4, 3, 21),
(1376, '1989-01-14', 123, '3QMCWGWUT8HX', 1, '234LIQVQR1YZ', 1, 2, 3, 21),
(1377, '1971-10-22', 421, '4IMNYC6USFKU', 1, '1FPPC9WTTQRT', 1, 4, 3, 25),
(1378, '1980-03-02', 261, '3DCKBLNRJRTN', 1, '2K85U6FHX3LK', 1, 2, 3, 23),
(1379, '1961-03-02', 1682, '3D1VKT60B5PI', 0, '3AZOE069ADH7', 1, 1, 3, 23),
(1380, '1993-06-27', 3884, 'VNNKVDM5OJR', 0, '2QTLAK0FU3XG', 1, 4, 4, 11),
(1381, '1948-09-24', 103, '579TEZPHBRMP', 1, '54WQGG0LBC4D', 1, 1, 9, 31),
(1382, '1970-11-21', 193, '1J6XBYN6JXC8', 1, '25T4491BXBEI', 1, 2, 3, 25),
(1383, '1980-03-29', 2782, '3YGWTQ6HOMLN', 0, '2PX9K495YFKC', 1, 4, 3, 21),
(1384, '1967-10-17', 168, '5UQONEYPPTXZ', 1, '5V0CDII8C2OL', 1, 3, 6, 28),
(1385, '1981-09-23', 274, '1EGXBKALM6GP', 1, '3XGP5M3EHVRW', 1, 1, 3, 8),
(1386, '1981-02-10', 477, 'PVRJMIEG5T9', 1, '4ZH3YEMGMDRU', 1, 1, 9, 31);
INSERT INTO `explosion` (`idExplosion`, `dateDeclenchement`, `puissanceEstimee`, `nomDeCode`, `estFission`, `description`, `idCategorie`, `idType`, `idPays`, `idSite`) VALUES
(1387, '1961-11-07', 3961, '53QP1CLM8QW5', 0, '4F5U56XD0VEQ', 1, 2, 3, 7),
(1388, '1993-05-30', 193, '58KEKP0AKHGL', 1, '207V9KQXYOAV', 1, 4, 3, 21),
(1389, '1967-05-09', 176, '3YEOYY4LTNQP', 1, '24L0NI2HU4QF', 1, 3, 9, 31),
(1390, '1973-03-11', 6987, '57BR3Y3INIJC', 0, '23J3URTV6JFN', 1, 2, 3, 29),
(1391, '1955-07-23', 3213, 'ABGN93OPP7G', 0, '228BOYXTRFGA', 1, 1, 9, 31),
(1392, '1981-07-21', 458, '1ZZT3ZKMRFST', 1, '5V0Y9V1HIOWA', 1, 4, 9, 31),
(1393, '1971-03-19', 113, '39P38X0OX349', 1, 'UN71ZF67FXE', 1, 2, 3, 26),
(1394, '1989-08-22', 452, 'WKKBYD72PYY', 1, '1FK5BM80AHGK', 1, 1, 4, 3),
(1395, '1985-01-09', 4358, '1XSUEA4KT8AX', 0, '5RDKCVJZSXOV', 1, 2, 9, 31),
(1396, '1972-03-03', 6788, '4ISL0Z1KNQHG', 0, '58O85QKPF4VV', 1, 4, 3, 9),
(1397, '1974-08-30', 133, '3RWR44XNYIPQ', 1, '238YVEVUI9P3', 1, 1, 3, 19),
(1398, '1955-09-07', 466, '39PH0JYA4OD0', 1, '5TKFDHNKL3DJ', 1, 4, 3, 21),
(1399, '1985-02-27', 349, '19BE7DX57MKF', 1, '5VR60JWXIR2T', 1, 4, 3, 21),
(1400, '1994-05-14', 69, '5MS7JQL615OJ', 1, '1DMPCJBCH4TK', 1, 4, 3, 23),
(1401, '1976-03-10', 457, '5P2SFYC5M6VM', 1, '5NZ5N65Y3I97', 1, 3, 9, 31),
(1402, '1965-02-19', 6665, '4N9T8ZLD45Z4', 0, 'REMBM9SAB2S', 1, 4, 3, 9),
(1403, '1950-05-31', 290, 'PSIUE9NROUY', 1, '5SQ5KXFYPMGP', 1, 1, 3, 25),
(1404, '1990-03-29', 416, '1COW2DV0TLA5', 1, '4FB2VSA9J2QE', 1, 3, 9, 31),
(1405, '1976-07-16', 116, '24OSKVK2U9J4', 1, '1ZZI2DQOHNIX', 1, 1, 4, 10),
(1406, '1977-09-02', 413, '3YAMUQ9GW6W1', 1, '59O8WCK2WSYS', 1, 1, 3, 7),
(1407, '1977-12-10', 114, '5N2WRYVYLW1T', 1, '5VZ1JOV51ULY', 1, 4, 3, 12),
(1408, '1972-02-14', 310, 'OWALVAE2WXN', 1, '50JX8KEV1XQ1', 1, 2, 9, 31),
(1409, '1974-05-20', 5130, '51U7CM53T552', 0, '74QIHLL85D4', 1, 4, 9, 31),
(1410, '1966-01-21', 244, '1YZNZXG1QDFG', 1, '1IY9C41E74K2', 1, 2, 3, 7),
(1411, '1988-07-02', 391, '82F24SKJ5VJ', 1, '5Q8JQBYXCG3', 1, 2, 3, 29),
(1412, '1973-12-14', 300, '3B7XB6M8K56F', 1, 'A9MSWUHFN0C', 1, 3, 9, 31),
(1413, '1963-05-27', 111, '51HMBEVQ1ZIQ', 1, '37EI47GVMXSY', 1, 4, 3, 25),
(1414, '1984-11-21', 4870, 'MSUZU6MOEO2', 0, '3QGIKREKR5YL', 1, 3, 9, 31),
(1415, '1960-05-21', 6799, '5SLXRTZ14XXH', 0, '5O0P6EL1QJLT', 1, 2, 8, 19),
(1416, '1972-09-27', 405, '3BW7OIV879VT', 1, '2N8UFH6JBUFA', 1, 3, 9, 31),
(1417, '1951-10-06', 362, '38SJC6XZ67T9', 1, '3DA2A2K4TFEE', 2, 1, 3, 19),
(1418, '1964-01-01', 5945, '59Q14A59EVCS', 0, '18WRDDX4Y6O', 1, 2, 3, 25),
(1419, '1956-06-09', 339, '5RLXEF2VQ5YE', 1, '4N1KTQ9RMLWG', 1, 2, 3, 23),
(1420, '1982-11-18', 486, 'S0P9UE4FEZL', 1, '534L0DDG5C8M', 1, 2, 9, 31),
(1421, '1955-06-15', 2295, '4IO2LJRB8YL3', 0, 'OS5SKQ0DRTK', 1, 4, 3, 21),
(1422, '1991-01-25', 27, '3V7YHSFBMG66', 1, 'VNZ6DY8H79L', 1, 1, 9, 31),
(1423, '1977-07-28', 246, 'QVZ0ROGT06H', 1, '1IAH3LF26UL1', 1, 1, 3, 12),
(1424, '1977-04-08', 426, '18XL9QRO1WM2', 1, '2PPSR67E5O5I', 1, 4, 9, 31),
(1425, '1966-09-12', 333, '4G9XUYZI7TVT', 1, '4D0W1KF0WX9J', 1, 4, 3, 25),
(1426, '1993-05-13', 134, '5QEYU15DJLPE', 1, '16SOG18AFTH', 1, 2, 3, 1),
(1427, '1954-09-03', 296, '3DEGYN40JOO', 1, '2K9HFJWEL3DO', 1, 4, 3, 19),
(1428, '1961-08-25', 424, 'S6YO7Q0AZBC', 1, '1DDAOTJW8QVW', 1, 2, 9, 31),
(1429, '1979-05-21', 5187, '4HK0HHTXYC6I', 0, '3T3DYKAPTREX', 1, 2, 9, 31),
(1430, '1962-10-03', 154, '3U3BMY9VX6J7', 1, '1ZPZRA1AAS73', 1, 3, 4, 18),
(1431, '1988-08-21', 2333, '4L7B4X7R9EQG', 0, '1C8H59JUXZ25', 1, 3, 9, 31),
(1432, '1990-07-03', 483, '546WO7KSAPS3', 1, '203LYA9TXGGZ', 1, 1, 3, 21),
(1433, '1975-01-07', 220, '4NEA7R4GGAP5', 1, '4HGMJMF2UWKO', 2, 1, 3, 7),
(1434, '1967-07-05', 53, 'Q9W86E2C6SZ', 1, '2R233O2HS76U', 1, 4, 3, 12),
(1435, '1991-01-24', 4998, '4FJXQMBL6WTY', 0, '3V61MYWXZALE', 1, 1, 3, 19),
(1436, '1963-06-16', 1152, 'VTMBRR4TYR6', 0, '56994TQN3SLH', 1, 4, 9, 31),
(1437, '1960-09-16', 2917, '53YRX2W9DRZ6', 0, '1FRB2AY0UTT0', 1, 1, 9, 31),
(1438, '1955-12-13', 1784, '5XVDXK37G08', 0, '58O97M9GUE3U', 1, 2, 3, 21),
(1439, '1967-01-24', 3087, '2RS63PVE3R34', 0, '2J0X1LQ6ZYBZ', 1, 2, 5, 17),
(1440, '1971-12-12', 172, '70DIJFUXDHM', 1, '23IN7OCHOVCY', 1, 3, 9, 31),
(1441, '1956-10-18', 6887, '4IM8BG79U9MW', 0, '51M1ZQ01CDX2', 1, 2, 4, 10),
(1442, '1960-04-08', 104, '1GO2CMUJYF3L', 1, '51SHU18VN413', 1, 1, 3, 1),
(1443, '1977-01-18', 283, '1V8PBWY69CNF', 1, '55ZDCVR8IPRC', 1, 3, 3, 7),
(1444, '1948-05-02', 309, '3C7MSATDDZLD', 1, '87C1AG2LTQG', 1, 2, 9, 31),
(1445, '1946-08-09', 3439, '36GFFAX3KENE', 0, '25RKEGF6ED95', 1, 1, 3, 21),
(1446, '1954-02-09', 140, '51LXO6VJHUQF', 1, '21YKMHSD0WXZ', 1, 3, 3, 12),
(1447, '1975-02-01', 298, 'MTGL26RLIBH', 1, '4ZD69BDGEB7N', 1, 3, 9, 31),
(1448, '1976-09-26', 321, '5Y9GMOPWYZP', 1, '2HTCHCI9EDW8', 1, 1, 9, 31),
(1449, '1991-09-26', 4519, '1XJFSVLX0CDV', 0, '549CI2I6ENGB', 1, 3, 3, 8),
(1450, '1970-12-04', 72, '5VR5PQ7BLOJ7', 1, '3T163PWG78CH', 1, 2, 3, 12),
(1451, '1987-10-11', 185, '3QYPD7B7EKDL', 1, '29A58Z2W8VZ', 1, 4, 3, 25),
(1452, '1976-11-23', 148, '1FXY9L7FM1CM', 1, '37UYMSHV07PH', 1, 3, 1, 6),
(1453, '1950-04-03', 480, '84T49779ELW', 1, '347NZA2BMNO2', 1, 1, 3, 29),
(1454, '1958-05-19', 396, '3RU4ZHVWO4N6', 1, '4F9VM4030CZK', 1, 4, 9, 31),
(1455, '1981-12-10', 4184, '3EED586GVOUI', 0, '24EVLXMRV3OE', 1, 2, 3, 21),
(1456, '1965-07-10', 3467, 'OQ438THMH1W', 0, '23CNX83P1NAZ', 1, 1, 9, 31),
(1457, '1971-04-24', 3028, '1ZXKVOBS922U', 0, '4D99C0UWY8OT', 1, 3, 9, 31),
(1458, '1983-03-29', 1948, '3U3EVX9NXRVX', 0, '4D2W8BKOBCJR', 1, 1, 7, 30),
(1459, '1967-10-29', 269, '34JOAZ766742', 1, '5V4GH9BABN75', 1, 4, 3, 1),
(1460, '1990-08-03', 207, '1WF5H6PG8KKM', 1, '25EVH3SFJWQZ', 2, 1, 3, 25),
(1461, '1957-10-01', 327, '2HT5E53RLQAK', 1, 'ALFGTYV6KRP', 1, 2, 3, 25),
(1462, '1946-11-09', 375, '3V12WWYOUTMP', 1, '5V36DTJ6F700', 1, 4, 3, 1),
(1463, '1970-08-27', 364, '2PTT2A99QMIC', 1, '1CCHXWBNQSB6', 1, 1, 6, 27),
(1464, '1988-04-03', 341, '2R5IW3ZOHTE', 1, 'Q859O643Z02', 1, 2, 9, 31),
(1465, '1980-01-28', 25, '2JZLJH5UJB23', 1, '953YSXSKS3X', 1, 4, 3, 26),
(1466, '1985-03-18', 6339, '2KDLJE5AOC9L', 0, '2PUY3Z3TEIRS', 2, 4, 3, 1),
(1467, '1957-04-10', 3790, '57DYSJGS2DRB', 0, '5USP2CSFRD0T', 2, 3, 3, 25),
(1468, '1950-06-04', 183, 'REIC67HL3P2', 1, '4FJ5ERR6MV9I', 1, 2, 3, 21),
(1469, '1961-03-07', 392, '1GTQWY0QU9BP', 1, '4LGH4APMFM9', 1, 4, 3, 25),
(1470, '1973-07-20', 365, 'VJC8IQ5VSJB', 1, '4ISBKBF6PEHJ', 1, 2, 3, 25),
(1471, '1961-06-09', 314, 'RCZJGPZHXZL', 1, '5M3TGISH389E', 1, 2, 3, 23),
(1472, '1959-12-05', 163, '50VUBA2J2EYG', 1, '191X825N9ASK', 1, 2, 9, 31),
(1473, '1980-11-19', 219, 'UFIMXTYG1R4', 1, '3SXDUNG2NIEF', 1, 1, 9, 31),
(1474, '1982-05-22', 65, '357U6IQFQA4L', 1, '1GUJQ4CCUJ9K', 1, 4, 9, 31),
(1475, '1972-12-29', 6225, '5O0DOIQE6AVA', 0, '5W6P6WHLRHIT', 1, 4, 3, 21),
(1476, '1959-02-18', 464, '199Z15K2GG27', 1, '1FZP1H5DWPHV', 1, 2, 4, 18),
(1477, '1954-12-21', 387, '3WE07UA5VMJ1', 1, '5V0RKSD4GXLC', 1, 4, 4, 10),
(1478, '1977-01-21', 5032, '5TR2OCJLEEE', 0, '1EN00VMEGRYZ', 1, 2, 3, 26),
(1479, '1977-03-09', 183, '3C808JZNYLDO', 1, '569F24XEKM2E', 1, 3, 9, 31),
(1480, '1985-07-25', 33, '59OBZ4INOQTY', 1, '2HSMWSMRGK0N', 1, 2, 3, 12),
(1481, '1956-10-07', 394, '54Z9DDW6VW2X', 1, '5O8G9Q0EM7SN', 1, 3, 3, 7),
(1482, '1950-08-09', 195, '1EF8L1SJR7GH', 1, 'SJ0WQ9MCHA0', 1, 2, 3, 8),
(1483, '2009-11-01', 85, '2QXTXMRRM2D7', 1, '2RGABE47G94', 1, 3, 2, 16),
(1484, '1971-07-17', 266, '4HI83473FY49', 1, 'VE3BYIB0W7V', 1, 1, 4, 3),
(1485, '1960-12-22', 235, '4LSOFD7XUWB', 1, '56H3D8LZV21D', 1, 3, 3, 23),
(1486, '1974-09-25', 360, '2R3IF981RDXC', 1, '1XKORKLG9XW6', 1, 4, 3, 25),
(1487, '1960-06-15', 395, '5O74IFO7KBE4', 1, '1I6BW81ARBZL', 1, 4, 9, 31),
(1488, '1979-09-14', 370, '18VDKQIVXKGC', 1, '50U4YTNGMMR9', 1, 4, 3, 9),
(1489, '1955-08-30', 193, '4ZH1GXE1TKT', 1, 'TDLOB7WFOUR', 1, 3, 4, 10),
(1490, '1948-08-25', 381, '3SZAFOF5KYZH', 1, '57C13Y4UWEIS', 1, 2, 3, 7),
(1491, '1965-10-19', 93, '22617W4RAZ7G', 1, '22A5QA74CHTO', 1, 4, 9, 31),
(1492, '1977-01-08', 3535, '1J6IGTSY00PO', 0, '19A4A0VKTPAM', 1, 1, 3, 25),
(1493, '1952-07-13', 389, '4JT6TL0UHX7O', 1, '35FN4UW43986', 1, 1, 3, 9),
(1494, '1965-10-09', 2442, '1B873GWW415', 0, '205R97CDPENH', 1, 4, 9, 31),
(1495, '1974-03-25', 53, '1J0GUE2XRY0C', 1, '1ERFE9G9ZAF5', 1, 2, 3, 9),
(1496, '1951-11-17', 487, '58FSISR6A8I8', 1, '343BUQLL6KLX', 2, 2, 4, 3),
(1497, '1946-07-14', 32, 'MVGF2QKZXE1', 1, '2OOZQPONN27O', 1, 3, 3, 12),
(1498, '1978-01-11', 282, '2NN5UV2TN8GG', 1, '3W263AYFGI6K', 1, 4, 9, 31),
(1499, '1988-01-03', 482, '4FF80SYNV9DT', 1, '4HK4MIECIQ3F', 1, 3, 9, 31),
(1500, '1990-10-04', 218, '50DHC6CE8XA3', 1, '50HBN4GQLR4K', 1, 3, 9, 31),
(1501, '1974-01-27', 293, 'AHY4FODZGSU', 1, '4M1QU7DMNL0M', 2, 1, 4, 3),
(1502, '1947-07-01', 239, '4JUP992BR98C', 1, '2NR6POWHAHPK', 1, 2, 3, 23),
(1503, '1994-05-08', 226, 'RB0DB9BDKL8', 1, '2NGPQ2G4RJHY', 1, 4, 4, 18),
(1504, '1981-01-08', 127, '5OCZZT6TYVK8', 1, '5TO87Y5ZGML5', 1, 2, 3, 9),
(1505, '1952-05-29', 83, '221WLEA07JC3', 1, '2J17Y0J0PD1V', 1, 3, 9, 31),
(1506, '1964-01-28', 3215, '1DRN0NVRT8HP', 0, 'Q5XRZ6J7DRC', 1, 1, 9, 31),
(1507, '1952-11-04', 6604, '5SO5IRCE06R7', 0, '2JA7YWLGUF7', 1, 3, 3, 1),
(1508, '1987-02-20', 486, '4NAB039I563B', 1, '7WKBUFHVD99', 1, 3, 9, 31),
(1509, '1967-01-24', 3973, '50FPI4N2TQTT', 0, '3BVXCYY3FKJ3', 1, 1, 3, 29),
(1510, '1988-10-04', 342, '1A27I70YK7QH', 1, '5S7QTPO8NO3', 1, 3, 4, 3),
(1511, '1983-08-15', 426, '23F7RIQ2LHH6', 1, '1ZY2OCDYZJ41', 1, 2, 4, 18),
(1512, '1993-08-15', 321, '3W44KBL6V1PE', 1, '23CKMX986KB8', 1, 3, 9, 31),
(1513, '1995-08-31', 5731, '34DIN92VBXJ9', 0, 'TGT3RGMEY7U', 1, 3, 3, 9),
(1514, '1956-11-30', 2646, '3W5LHGENB1OH', 0, '2LFT24JO5D88', 1, 1, 3, 21),
(1515, '1955-10-31', 6149, '18TC949M62DT', 0, '2K7FPNHCLKS6', 1, 2, 9, 31),
(1516, '1965-07-02', 5543, '3X890BVHB37W', 0, '3PI8JLMWYI8', 1, 3, 3, 7),
(1517, '1965-11-25', 407, '2LGISNK103SR', 1, '4L3CWHNOCZSR', 2, 1, 9, 31),
(1518, '1957-08-17', 449, '36GI4B3Q20LO', 1, '5PHLP3PVX0A4', 1, 2, 3, 25),
(1519, '1955-01-28', 332, 'R8UPK2A7NT6', 1, '4LZKFFEVD4J4', 1, 1, 3, 1),
(1520, '1980-06-21', 4252, '5W7H7LR4WI7E', 0, '22E2VIHLCVV7', 1, 2, 9, 31),
(1521, '1981-03-16', 5252, '6YA0U64W5X4', 0, 'WRSKELA2WK4', 1, 2, 9, 31),
(1522, '1978-04-10', 1597, '2OD9X993P11M', 0, 'AIZHUX3FUA', 2, 3, 9, 31),
(1523, '1978-05-29', 45, '2PLD9Q3SO9PK', 1, '1920GCFZD7G8', 1, 2, 9, 31),
(1524, '1955-11-13', 438, '59I3A4AR12N8', 1, '54V3SRKXUVBX', 1, 1, 9, 31),
(1525, '1953-06-12', 458, '3AY2NXVZ4LJM', 1, '8DB86ZZ9KMB', 2, 2, 9, 31),
(1526, '1966-01-15', 429, '1DD3XGOAA5H2', 1, '3VF6XEFCVZGB', 1, 4, 9, 31),
(1527, '1989-09-29', 1234, '3ZUQ4TMDO2NC', 0, '1XP7PZ5QHFFP', 1, 1, 4, 11),
(1528, '1992-06-15', 131, '5R9M8BB3OFTL', 1, '600HBQHPLDA', 1, 2, 3, 1),
(1529, '1975-03-11', 94, '3LS56DC7Z9G', 1, '4E1ALYXVF10K', 1, 1, 3, 1),
(1530, '1981-06-30', 452, '1I4BBGTJPJEV', 1, '4GDOPDRV5O0H', 1, 4, 7, 30),
(1531, '1968-12-18', 2493, '3W8BPRICESIB', 0, '36EPPIQI2FDS', 1, 1, 9, 31),
(1532, '1948-11-12', 2610, '2OF7ZM87EDEA', 0, '3482U4EN3RQ2', 1, 1, 3, 1),
(1533, '1969-08-19', 123, 'MLH9H3AYLB1', 1, '57BV69MXZHQT', 1, 2, 3, 19),
(1534, '1982-02-22', 97, 'GN43L3G6QY', 1, '3AW0UDA974U0', 1, 2, 9, 31),
(1535, '1989-02-24', 418, '411QRDQTCWGW', 1, '173JVYZ8AZG', 1, 2, 1, 6),
(1536, '1947-04-17', 230, '1J2ZZBF1OMGW', 1, 'SCDF3X5EOST', 1, 4, 9, 31),
(1537, '1978-09-09', 235, '1925CB1TP5Y2', 1, '3YQ7581RU228', 1, 1, 3, 7),
(1538, '1972-09-01', 422, 'Q2G0LN0W5VC', 1, 'TDKWX2KHNHT', 2, 3, 3, 29),
(1539, '1977-05-12', 103, '1CIFLUTYU788', 1, '3XCO09VMVOR9', 1, 2, 9, 31),
(1540, '1967-09-27', 1357, '56BMYVHEU515', 0, 'S8RY2JLBG2K', 1, 4, 3, 23),
(1541, '1958-10-02', 353, '2HZ0ETS0OB6W', 1, '5R9M131PRIMM', 1, 3, 4, 11),
(1542, '1965-05-02', 467, '16H2JXWE2VZ', 1, '1FNPA1KO99YR', 2, 2, 3, 26),
(1543, '1995-11-17', 30, '1J4TU29G7ICB', 1, '2IXAPVKL9BY1', 1, 2, 3, 9),
(1544, '1981-01-24', 5857, '38YUZ0GTYQP8', 0, '1WIFOGFBSNF1', 1, 4, 9, 31),
(1545, '1960-04-04', 259, '3ZN5AMRVMJRO', 1, '5P6LJHII7IYK', 1, 2, 9, 31),
(1546, '1970-02-22', 381, '3V7FEHIVORUB', 1, '5TNXOBE6LUAW', 1, 4, 9, 31),
(1547, '1961-07-24', 467, '39QZCEHKOHAB', 1, '5SMGCKWUTPXX', 1, 2, 3, 29),
(1548, '1987-01-24', 4314, '1YUY3IJLVEDG', 0, '1KPFD0JMUG8', 2, 2, 3, 25),
(1549, '1988-08-02', 5415, '2I1B73F72CR1', 0, '52ODBC50GAQG', 1, 1, 9, 31),
(1550, '1988-01-27', 397, 'RAAE9AZFULU', 1, '23KJGB73SSOO', 1, 1, 3, 7),
(1551, '1955-10-21', 76, '3C5M7UFA7KLA', 1, '36I7UAGL6XV4', 1, 3, 6, 27),
(1552, '1946-06-09', 162, '1J8UV98I47N1', 1, '3EKIUZUDLZOW', 1, 3, 3, 7),
(1553, '1973-06-26', 386, '2394XDJGWOQ6', 1, '3D3VMMZNKPO8', 1, 2, 9, 31),
(1554, '1990-07-08', 333, '1G27TJ9PM8X6', 1, '25HMKJ29R1NZ', 1, 1, 3, 25),
(1555, '1963-02-01', 205, 'ADOHYA3X9JD', 1, '1WUH0E3RJAE8', 1, 4, 3, 12),
(1556, '1949-09-10', 488, '4K0N8ZPL5ZJ3', 1, '5N84NIL9RK8X', 1, 3, 3, 21),
(1557, '1991-04-09', 295, '59OYT1BIPVT5', 1, '4JTAZSFCKYW0', 1, 4, 3, 26),
(1558, '1983-09-02', 5470, '1945046WYO4X', 0, '4N4AH4R6NWG6', 1, 3, 3, 19),
(1559, '1974-11-22', 205, '3X80BVSS72B8', 1, 'S385JMQZE1A', 1, 1, 9, 31),
(1560, '1978-08-20', 257, '2I30VKYUJFS4', 1, '3A3AHHA0BXDX', 2, 3, 9, 31),
(1561, '1946-12-03', 235, 'RCSSBH8JNJ8', 1, '2HQY228WL6HB', 1, 4, 9, 31),
(1562, '1957-11-12', 248, '2PTQ0O1XHSYP', 1, '5RPD88TQ9FMT', 1, 1, 3, 21),
(1563, '1993-05-19', 389, '2QNJUWUKZN0P', 1, 'MERHDCGT5ZK', 2, 1, 3, 29),
(1564, '1984-12-11', 260, '2HQQ9HBMYSS3', 1, '359L52OVLNOJ', 1, 3, 3, 12),
(1565, '1974-06-04', 201, '4M69IC8HWDV', 1, '95CCA1SJY17', 2, 3, 3, 19),
(1566, '1971-01-20', 1260, '3HZAJ64AV0T', 0, '3LW3T33MML5', 2, 3, 3, 9),
(1567, '1951-06-07', 221, '2NKUPFL1QS4T', 1, '2RM8BPIPTDT', 1, 2, 1, 6),
(1568, '1984-11-18', 73, '9HJPTAACIFP', 1, 'O019NSUQR8X', 1, 4, 3, 23),
(1569, '1988-03-20', 472, '2K3F8NQQE5C0', 1, '1JEDDFMRH48E', 1, 1, 3, 25),
(1570, '1963-01-16', 298, '38ZD3YM391DI', 1, '8LTI9J08AW', 1, 3, 3, 25),
(1571, '1986-11-02', 435, '38MGJ150XSJJ', 1, 'NRIPGB745FV', 1, 2, 9, 31),
(1572, '1962-12-31', 45, '1BKOW6K9Y23U', 1, '5VSNLNIF364G', 1, 4, 3, 8),
(1573, '1968-01-10', 1698, '4M5OPHW6TWV8', 0, '3D7UEHE6WCMN', 1, 4, 9, 31),
(1574, '1991-02-13', 290, '3WBKS0M2UDQB', 1, '3DFZ4KQNM8KJ', 1, 1, 9, 31),
(1575, '1964-08-20', 2362, '3XI8B5NL7DOC', 0, '3W3MD30FYM1Y', 1, 4, 3, 29),
(1576, '1984-04-09', 43, '2M7YM055UFDT', 1, '6YUYYM91YQK', 1, 4, 5, 17),
(1577, '1984-10-03', 454, 'VTN825UUT7H', 1, '1BKCQG8X8BX5', 1, 3, 9, 31),
(1578, '1988-05-07', 3119, '8YNJKE8CEGZ', 0, '1ZPKUAC6YE0D', 1, 4, 3, 12),
(1579, '1986-01-20', 480, '24D37FS03OXS', 1, '4HR3WJ03KA3', 2, 2, 3, 23),
(1580, '1955-04-23', 411, '563SILAR3GZ9', 1, '56HWW9GZQPLJ', 1, 1, 9, 31),
(1581, '1947-12-27', 482, '3CCG5MD93XZE', 1, 'CLWW8T8XA3', 1, 3, 3, 29),
(1582, '1972-03-26', 295, '4LZ29YS4BQ7O', 1, 'WXU1NVIT4MY', 1, 3, 9, 31),
(1583, '1962-04-09', 37, '5UUVYLU7742W', 1, '50LVUCH3G9C7', 1, 2, 3, 23),
(1584, '1963-10-31', 119, '1GS6SPK31FFH', 1, '4HOJU3U59WH7', 1, 2, 9, 31),
(1585, '2017-04-17', 5675, '51OLHLMSHVG0', 0, '4LXMJJQEA1NE', 1, 2, 2, 16),
(1586, '1948-04-09', 3643, '1AGGN8V4LL5T', 0, '4L3AAUKRKHLD', 1, 4, 3, 26),
(1587, '1991-08-17', 3625, '5W8TMUTBI6EH', 0, '3ZKUD0BOPJ8X', 1, 1, 3, 1),
(1588, '1975-05-24', 297, '9ASBOGPCBAC', 1, '4CWFYU18GZ0Z', 1, 2, 3, 23),
(1589, '1993-10-08', 33, '6HF0IDO4KC', 1, '5PB9XAOHZC2D', 1, 4, 9, 31),
(1590, '1955-08-12', 258, '54UMFV1TUZPC', 1, '4JMYUSPJDVFQ', 1, 4, 3, 1),
(1591, '1951-05-24', 36, '4JP667C8KERK', 1, '4EBDCD6QJIMI', 1, 4, 3, 7),
(1592, '1963-10-05', 306, '3DIPHR9E93FK', 1, 'TBKJC6MNVJV', 1, 3, 3, 23),
(1593, '1947-02-08', 176, '18VLL772UMU6', 1, '3LHDOUREGK3', 1, 2, 9, 31),
(1594, '1948-04-26', 482, '3B3WAWG2XMH5', 1, '5QFP34VKIRRD', 1, 1, 3, 21),
(1595, '1988-12-07', 232, '25T851CJON10', 1, '3YGKZ0PIT6BG', 1, 4, 3, 25),
(1596, '1985-11-20', 271, '56DVXUVD5SLQ', 1, '4KSZ21RPQ0UE', 1, 1, 3, 12),
(1597, '1957-04-11', 5820, '1IYU8ZGBNZVS', 0, '4WDLIPIN9CM', 1, 1, 3, 8),
(1598, '1949-12-26', 220, '4D37WCN4KJNP', 1, '1GU86BS0FNBK', 2, 1, 3, 19),
(1599, '1984-12-22', 396, '1EJVHCCS4RWD', 1, '5MW8HV02M7WX', 1, 1, 9, 31),
(1600, '1954-10-13', 2009, '3AZNIAS6PMHY', 0, '1WSNKGC3S7F9', 1, 4, 9, 31),
(1601, '1960-09-09', 6974, '4EH7UXNMJMYL', 0, '3RK5R9SETCQ7', 1, 3, 9, 31),
(1602, '1959-03-19', 430, '59G5KIJT0IED', 1, '5LNO70BJS4DT', 1, 1, 9, 31),
(1603, '1994-04-01', 132, '59BY8I9PN5X0', 1, '4IKCMC3HP767', 1, 4, 3, 19),
(1604, '1981-05-22', 368, '36M2JL5VJ9MN', 1, '2NESQDUKUT66', 1, 3, 9, 31),
(1605, '1950-02-18', 300, '1CCIO8T6SSKV', 1, '2J1BE5NWWPTZ', 1, 2, 3, 12),
(1606, '1954-09-19', 308, '5Q9MZDJJN9IJ', 1, '5MU4O37S9VNX', 1, 1, 4, 3),
(1607, '1970-02-25', 408, '1J8GCZ7L3T4O', 1, '5XSLZDXTC0J', 1, 2, 3, 8),
(1608, '1955-12-20', 1064, '1FRMN4VK6140', 0, '1IW7U948MTII', 1, 1, 9, 31),
(1609, '1977-08-21', 59, '52M9V9K1QY0G', 1, '5LXQKOZXH791', 1, 3, 3, 21),
(1610, '1983-10-24', 338, '4JQS2UKW5INY', 1, '51VU4VTZFDRW', 1, 1, 9, 31),
(1611, '1954-06-28', 95, 'WUM88V5GPYD', 1, '35E04K5ACWXJ', 1, 3, 9, 31),
(1612, '1972-12-28', 431, '2HUXZHZ961QV', 1, '2NEE2RBWZ4EC', 1, 3, 3, 23),
(1613, '1947-05-18', 349, '5UOUCDT5X39D', 1, '54X4GTMXEU0O', 1, 3, 3, 1),
(1614, '1961-04-18', 167, '1A1N8FTX0EPG', 1, 'Q9UY8FPXTKI', 1, 2, 3, 12),
(1615, '1988-05-03', 38, '3VBS5W845NNG', 1, 'OVRWHAIOTVK', 1, 1, 9, 31),
(1616, '1953-11-29', 6127, '3EEL1S0OW6V2', 0, '2IXPBICSU4Z8', 1, 2, 3, 26),
(1617, '1967-06-12', 119, '5QH0OHIWD85K', 1, 'NL5ZRTZKOYE', 1, 3, 9, 31),
(1618, '1994-06-07', 30, '5RFSSGXPDG0B', 1, '4D1ACY5X13HE', 1, 4, 9, 31),
(1619, '1964-04-27', 75, '55AUU00MZIIJ', 1, '5QEZWJ5E7OO1', 2, 1, 3, 12),
(1620, '1991-03-13', 133, 'GOMP8AHQXC', 1, '1Z3MFR7YPTNB', 1, 3, 9, 31),
(1621, '1968-01-10', 412, '2IXEDJKO2M99', 1, '3RUNMB116C0A', 1, 4, 9, 31),
(1622, '1991-08-12', 3740, '92TMTGIQWLO', 0, '4JD8CUX1HAG', 1, 1, 9, 31),
(1623, '1995-11-14', 125, '4K0K42MZUG79', 1, 'VO5JNRSFQW6', 1, 2, 9, 31),
(1624, '1992-10-28', 3783, '2RU13MQITF3D', 0, '7WOB9VZU8NK', 1, 4, 9, 31),
(1625, '1989-09-06', 376, '1J77PZL9ZM44', 1, '1EN33HMQTIA7', 1, 2, 3, 7),
(1626, '1965-09-14', 352, '5QHSLC890UX0', 1, '3WFT993KXJLL', 1, 3, 3, 19),
(1627, '1981-09-21', 72, '18TGT3VO8O3O', 1, '3YI7AA59TRNS', 1, 4, 6, 28),
(1628, '1963-10-09', 254, '5N23DX9CWSF6', 1, 'NPTWDBRVGS3', 1, 4, 4, 11),
(1629, '1995-03-16', 6580, '4JSVIE0X4R2M', 0, '3HQJ7C2J4A5', 1, 2, 9, 31),
(1630, '1959-01-22', 3340, '2OH4YZ3B8DFT', 0, 'R2BZVVI1597', 1, 1, 3, 12),
(1631, '1973-10-22', 122, '38MHF0VESOKC', 1, '80E461OKAO7', 1, 2, 9, 31),
(1632, '1947-04-03', 379, '1ETM0AUHBTJH', 1, '4TNRBMFLYA6', 1, 3, 3, 26),
(1633, '1982-08-29', 2983, '88NSA579202', 0, '25JFWXXVHIH8', 1, 2, 9, 31),
(1634, '1966-11-17', 255, '1CY5CFKNGOC', 1, '3QKJPWT2XC5Q', 1, 2, 9, 31),
(1635, '1978-10-01', 3284, '1ZXUO6E54WWT', 0, '3D1VL2L1AA5X', 1, 4, 9, 31),
(1636, '1979-04-24', 4128, '5PGTCRR0XOR8', 0, 'P0BMI4VBJMK', 1, 2, 9, 31),
(1637, '1992-07-20', 265, '3CBRM833EUXP', 1, '216JWM8JG4KO', 1, 3, 3, 23),
(1638, '1975-06-12', 4228, '52S6J3WONAVH', 0, '39POTQBFZ8VD', 2, 3, 3, 21),
(1639, '1987-07-28', 1304, '4N1RLHH9GGYT', 0, '50DS6WZQTQM9', 2, 4, 7, 30),
(1640, '1985-02-20', 98, '5MSHPBU6YH8F', 1, '7278QA2DTOZ', 1, 2, 4, 10),
(1641, '1972-06-08', 6697, '1GXUZ36Q0UKO', 0, '36OO4OBIT47K', 1, 1, 9, 31),
(1642, '1953-11-03', 5621, '3EGSSZLOW50Q', 0, '3YEYZ13X505G', 1, 3, 1, 6),
(1643, '1995-03-13', 180, '59S6H9BVOPXX', 1, '2RROIRFRK2EH', 2, 3, 9, 31),
(1644, '1990-08-10', 161, '1I4LNV8C1JL4', 1, '39VK3MHJ8UN9', 1, 4, 8, 21),
(1645, '1974-02-13', 488, '58O58937XFTC', 1, '35G112K3PW9Z', 1, 2, 9, 31),
(1646, '1977-04-02', 133, 'NV95HQ5DYR8', 1, '57FHEHFBTRKX', 1, 1, 3, 7),
(1647, '1968-04-03', 163, 'OPWLS74K7XS', 1, '4E3EFYYN0V0A', 1, 3, 3, 9),
(1648, '1958-01-11', 341, '36DTFHLVHT9Q', 1, '3QMK6RYCNVKN', 1, 2, 3, 23),
(1649, '1994-07-18', 3520, '3CDJUUIBX1U0', 0, '3U1OU6K4OTUQ', 1, 4, 3, 29),
(1650, '1947-01-05', 98, '59IADAHKXAIZ', 1, '5U08QU8OWZAY', 1, 3, 3, 7),
(1651, '1988-08-13', 352, '4EDOZORZB7OX', 1, '358A4VJ6YEA1', 1, 4, 3, 21),
(1652, '1971-07-29', 86, '40J4CK66JKNX', 1, '4K2SXA7CD3A', 1, 2, 3, 25),
(1653, '1986-10-26', 383, '563KRW95IK6T', 1, '4Q54PQFNST0', 1, 1, 9, 31),
(1654, '1991-07-20', 3062, '1H272LMID9D9', 0, '216JL6NK4HLK', 1, 4, 9, 31),
(1655, '1960-09-23', 204, '3B5E1QSCY8BX', 1, '3ZQYQ8BMAN7M', 1, 3, 9, 31),
(1656, '1973-07-25', 284, '3U8UWLSFYPWG', 1, '37V5EI5Y6XSO', 1, 3, 9, 31),
(1657, '1969-10-11', 359, '2NOD9GEJTVI0', 1, 'UFPDAVML2G4', 1, 3, 3, 26),
(1658, '1950-03-02', 474, '2KE6RIJ18HLE', 1, '1VQ7CMMKKDTY', 1, 4, 3, 12),
(1659, '1963-12-22', 401, '1ELHEIU3R9R4', 1, '58O4USOGWWKK', 1, 2, 9, 31),
(1660, '1991-07-02', 4934, '3YCZGF0Y3UCK', 0, '25FLQIP3ROWL', 1, 2, 9, 31),
(1661, '1985-11-18', 21759, '36C3WM6GFZF5', 0, '4FD32UULVEUF', 1, 2, 3, 1),
(1662, '1952-05-16', 396, '1BGQTL7ARV3Y', 1, '4MY4P3GS1UVF', 1, 3, 3, 12),
(1663, '1991-06-22', 497, '1ZRTG582C42X', 1, '4FDL2LV8JUBS', 1, 2, 4, 3),
(1664, '1950-03-27', 181, '4GPHEO8IOEIE', 1, '3ZTALBR6T4N1', 1, 4, 3, 1),
(1665, '1953-04-20', 3967, '14NKO989DHC', 0, '3B7MKESIPOLE', 1, 2, 9, 31),
(1666, '1993-03-16', 4711, '2K1XCEYZAI0K', 0, '1FPKY6F44N8R', 2, 3, 3, 12),
(1667, '1977-01-20', 1831, '4D37DGBWXRZ4', 0, 'MV6SI0O00JJ', 1, 4, 3, 26),
(1668, '1970-06-05', 367, '1WM9YGIYG6C1', 1, '2HSUP0RPDQRO', 1, 3, 3, 8),
(1669, '1978-06-16', 378, 'NXOC8E95G29', 1, '20Y1JZKTT9CP', 1, 3, 3, 7),
(1670, '1957-06-04', 150, '4NABWQQHSTVU', 1, 'TN3A8O3HNPP', 1, 1, 3, 19),
(1671, '1974-10-13', 4624, '4FD727SC32UW', 0, '50K983SRIY85', 1, 3, 9, 31),
(1672, '1992-08-07', 62, '5M1T3B89SRPG', 1, '1GZOHZRVJVHG', 1, 3, 9, 31),
(1673, '1948-12-08', 6941, '3XKQD71W9L0S', 0, '22G75TW5H4I9', 1, 3, 9, 31),
(1674, '1960-08-12', 460, '35JZDCBOAUI8', 1, '532DB5JBOTEW', 1, 2, 9, 31),
(1675, '1981-08-23', 334, '3QK9XDHEUQFT', 1, '506F75OZM02', 1, 3, 3, 26),
(1676, '1948-02-26', 201, '5VT5PMX5SOO9', 1, '520L91BC6LTC', 1, 3, 3, 25),
(1677, '1964-11-25', 251, '2MI997J2VGDC', 1, '4N3NN4G3MSB0', 2, 1, 9, 31),
(1678, '1995-05-01', 2252, '3V9QO1UQ03SV', 0, '3QU1P8GPSNZS', 1, 2, 3, 12),
(1679, '1995-01-02', 471, 'ULG32YT8UY8', 1, '6S4LKGFC8T3', 1, 1, 9, 31),
(1680, '1952-01-08', 2748, '2QQ3P6RLA6F8', 0, '38KJ161LTD20', 1, 2, 3, 7),
(1681, '1976-01-11', 6037, '4IUEOA1U2GB2', 0, '1FY95M8MDP5N', 2, 2, 3, 26),
(1682, '1951-08-26', 4813, '1ZS0URJ3WY14', 0, '4ZDW03SFINWZ', 2, 4, 9, 31),
(1683, '1963-11-13', 272, '3YMGLB7MZ6I5', 1, '4ZNP5OPL3ID9', 1, 1, 3, 29),
(1684, '1956-03-22', 266, '59OU551ROU3G', 1, '5QLJFMGM7LY0', 2, 3, 3, 21),
(1685, '1950-11-19', 280, '1J2RPV6VY6S', 1, '2ONCCT1UI4OM', 1, 4, 3, 12),
(1686, '1968-03-05', 43, '1L6NPMIXVQU', 1, '5RDH48E4Y64S', 1, 1, 9, 31),
(1687, '1975-04-26', 369, '4IMUBB1SL7YC', 1, '3DC9EMZP2B58', 1, 2, 9, 31),
(1688, '1992-11-09', 2074, '37MHQMYWS9IX', 0, 'Q0MIALI1054', 1, 4, 3, 9),
(1689, '1956-09-14', 25, '813WXP40DOY', 1, '1YZ02P6314DO', 1, 3, 3, 8),
(1690, '1972-10-09', 6771, '3U92DGZBIAJA', 0, '1VIV8C65Z7MR', 1, 1, 9, 31),
(1691, '1968-08-10', 1355, '197GA034QG8O', 0, '55AQ9O1AYEJA', 1, 3, 5, 17),
(1692, '1984-01-11', 1441, '5P78RUKSOXV0', 0, '2MIMOQ7M6JZW', 1, 2, 3, 25),
(1693, '1952-01-03', 391, '4NDUK88U9TO1', 1, '3YGAV43A1C5N', 1, 3, 4, 10),
(1694, '1989-11-26', 399, '4CWGDBOHO4X5', 1, 'Q0HE14JXRFB', 1, 4, 9, 31),
(1695, '1954-08-19', 6671, '3QQLCQ0OHQBH', 0, 'WO29WC227TP', 1, 1, 3, 29),
(1696, '1989-07-21', 367, '50M5HZFBEKW5', 1, '5M1SBG452Z7X', 1, 2, 3, 7),
(1697, '1968-11-13', 340, 'O1I27FLD2IB', 1, '3EIAIY9RL9XS', 1, 1, 9, 31),
(1698, '1986-04-08', 244, '3QUCVXQR66QD', 1, '3U9KHFJDRSWI', 1, 2, 3, 19),
(1699, '1950-02-14', 257, '2M5XP5QADNR5', 1, '4F7IR48P22RG', 1, 4, 3, 9),
(1700, '1967-02-20', 488, 'Q6JYPDMI8NO', 1, '4JTB0EA1D9RW', 1, 2, 3, 9),
(1701, '1970-02-11', 412, '1YKUR7BD2ZXI', 1, '18ZE81AMXMNZ', 1, 1, 3, 19),
(1702, '1957-03-09', 300, '3BZRCIQX69ZK', 1, 'NRFF432XFS7', 1, 1, 4, 10),
(1703, '1976-10-14', 338, '50O9D4IATBS6', 1, 'A3WA6PVZMYF', 1, 2, 3, 9),
(1704, '1991-07-27', 4386, '3EAQN8U3K3HG', 0, '1GXYNPCOTIK7', 1, 1, 9, 31),
(1705, '1951-10-22', 355, '1GW0WUAIPYVN', 1, '1H5PJ65BQARG', 2, 4, 9, 31),
(1706, '1949-07-27', 107, '3ZR9YZLAJRQR', 1, '58NQ00QRKVYR', 2, 2, 3, 29),
(1707, '1947-05-02', 2701, '5TOURFEXGQP1', 0, '1MZFKY79JV1', 1, 2, 3, 25),
(1708, '1987-10-21', 53, '4G3YJKY87T', 1, '4ZJXF98Y8Y14', 1, 3, 3, 7),
(1709, '1949-04-23', 39, '56G0CFM5RC09', 1, '1BEELERMQBO4', 1, 4, 4, 18),
(1710, '1966-04-03', 451, '3T3ACWMF3RO8', 1, '2MJXI1HH0FZ3', 1, 1, 3, 23),
(1711, '1974-10-10', 292, '3XKCSF51RHHJ', 1, '3U5BUSIORL30', 2, 3, 3, 19),
(1712, '1953-12-12', 133, 'T95XJG9Y4C5', 1, 'MRFEZ99JOCD', 1, 1, 3, 29),
(1713, '1948-03-17', 292, '2K62C8LVHHF7', 1, '2L1IV3MWHOFT', 2, 4, 9, 31),
(1714, '2016-08-27', 406, '35HXG7ZWCEDW', 1, 'TNOV0XWMXD6', 2, 1, 2, 16),
(1715, '1981-11-18', 225, '4MZXIVMZ336Z', 1, '3YQGKNTSXH3U', 1, 2, 3, 1),
(1716, '1979-06-03', 83, '5UWW87JYX6X2', 1, '37GG09DG9ILW', 1, 2, 4, 11),
(1717, '1974-11-03', 235, '1ZVUGVCXWWKJ', 1, '236M49QDLCQ0', 1, 3, 9, 31),
(1718, '1965-05-29', 6484, '1J700PKDWV63', 0, '4GJUUGNCB23V', 1, 4, 4, 11),
(1719, '1976-08-30', 4493, '1FVY7O5IBUHH', 0, '3DCGCKD9IE4L', 2, 3, 3, 12),
(1720, '1969-06-14', 484, '50NOHDQKBTST', 1, 'UPWVIIRQ7ST', 1, 2, 3, 12),
(1721, '1984-11-04', 313, '1JAMQQQQGJM1', 1, '3W5QEUR84NCP', 1, 2, 3, 9),
(1722, '1951-05-22', 458, '1CKJTORCW4MC', 1, '2MGT5EYI10DN', 1, 2, 9, 31),
(1723, '1967-01-26', 89, '58O26HL7R9Q9', 1, 'EQX7QLX9JK', 1, 1, 3, 7),
(1724, '1983-06-01', 41, '1DOW2W0UTWHS', 1, 'MTKVJ9OH0EK', 1, 4, 9, 31),
(1725, '1978-01-13', 121, '5TW0431DBIZT', 1, '1EPTJC024G7G', 1, 1, 3, 23),
(1726, '1969-11-08', 195, '4IGT1A30KYVR', 1, '3XBUYZXMRI1W', 1, 4, 3, 25),
(1727, '1953-03-13', 126, 'P1U0BTQIY1Q', 1, '5TOO0OM7ITYR', 1, 3, 3, 12),
(1728, '1974-12-10', 103, '1XSV0T3TJJ2H', 1, 'NP51HSPL0U7', 1, 2, 9, 31),
(1729, '1976-03-18', 117, '50DRZ58M2T2G', 1, '2MEAL616PUJ8', 1, 4, 9, 31),
(1730, '1972-11-16', 4625, '50TU0WWG0J34', 0, '1H6M21YH813U', 1, 3, 6, 28),
(1731, '1973-08-18', 4213, '4KZNG4N4FJEW', 0, '1GU1EW8ZHMZC', 2, 4, 3, 9),
(1732, '1980-02-10', 497, '4HUFZU2B089S', 1, '4K0QOTVIQXE6', 1, 1, 9, 31),
(1733, '1979-04-29', 6982, '4EH0H1NQTEE5', 0, '3QPX82DVSPRT', 1, 4, 9, 31),
(1734, '1988-08-27', 349, '933F9PUM5TP', 1, '2188P58DQ5S1', 1, 2, 9, 31),
(1735, '1980-01-26', 87, '25GWK9O64SWX', 1, '38WYJ523V6CQ', 1, 1, 9, 31),
(1736, '1957-11-02', 187, '359RC8ZMCR0O', 1, '36AOO4KUB8F2', 1, 3, 3, 26),
(1737, '1982-06-20', 410, '1FTEJTRSYMU0', 1, '59C4YBYI4R7R', 1, 2, 9, 31),
(1738, '1957-01-25', 2149, '1KWUGTIIF3H', 0, '35K9VDFJ4E39', 1, 4, 9, 31),
(1739, '1977-03-04', 32, '5W2U077QIPBY', 1, '5LY1G4T6T4YX', 1, 3, 4, 10),
(1740, '1961-01-14', 67, '1JEOG1N2BTCZ', 1, '1907TAF6Y7OB', 1, 1, 3, 26),
(1741, '1984-09-07', 4885, '899IEXKSUB9', 0, '2MGFXQEEY5E9', 1, 2, 9, 31),
(1742, '1953-05-14', 305, '21XUO68EU5DV', 1, '1MS5WQSCX5W', 1, 4, 3, 1),
(1743, '1977-08-13', 140, '3C06R96C7CEJ', 1, 'NLHUDW8HKAQ', 1, 4, 6, 28),
(1744, '1965-03-29', 1844, '5SE1TIA7WN61', 0, '246Y581R7JRN', 1, 1, 3, 9),
(1745, '1994-04-20', 4126, '2AWFXRFHYI1', 0, '38OHO9LZB5Q1', 1, 3, 9, 31),
(1746, '1975-03-19', 197, '3D08RUJM5Y6Y', 1, '4N7IMNHI4JWF', 1, 1, 3, 8),
(1747, '1959-12-04', 338, '2DMM7KLZ1RK', 1, 'P4CE13BSL5K', 1, 2, 9, 31),
(1748, '1974-06-13', 1217, '40J3MR2D8BB1', 0, '1ZW2A3SULBCT', 1, 1, 9, 31),
(1749, '1991-08-07', 5235, '191QAZYTJBM8', 0, '5LW5N5A7R9HS', 1, 1, 4, 10),
(1750, '1980-12-12', 191, '1WEU90WJ7P2U', 1, '2RTZMGQ5NA6O', 1, 2, 9, 31),
(1751, '1948-12-10', 278, '3YANQ6PIIVVS', 1, '4HGEJTA7IP7T', 1, 4, 9, 31),
(1752, '1978-07-17', 23, '1FNCQNQDQR5D', 1, '1J0OSNKWRHAO', 2, 2, 9, 31),
(1753, '1987-08-10', 236, '2R0595WUXSD0', 1, '9GTLXMDWKXJ', 1, 1, 9, 31),
(1754, '1960-09-21', 363, '2RR0EB529AT', 1, '660Y60YMLN', 1, 4, 9, 31),
(1755, '1960-09-27', 88, '341Q5HNOU4QH', 1, '8ZD52FL9LVS', 1, 4, 9, 31),
(1756, '1977-07-20', 348, '8CP3119FR7W', 1, '1ZZSR4PIERW5', 2, 2, 3, 9),
(1757, '1955-04-28', 4275, '3E6EDIMKKPBT', 0, '1WUKHISYML1P', 1, 1, 9, 31),
(1758, '1962-12-04', 460, '3NECDECVWOG', 1, '2K7NDEXVID5I', 1, 3, 3, 21),
(1759, '1963-09-30', 151, 'TL64X8HC2S1', 1, '2L9Q7MGTBXO', 1, 4, 9, 31),
(1760, '1960-01-09', 56, '1CCIW3P9KD5M', 1, '5QBRY7QFNLZ2', 1, 3, 3, 26),
(1761, '1956-12-07', 3653, 'MMSZRIVAMN0', 0, 'WPP9WR3IKUQ', 1, 3, 9, 31),
(1762, '1992-10-15', 100, '5UMTC8DIUN7', 1, '4KTM3P9NEKFJ', 1, 1, 9, 31),
(1763, '1975-01-23', 295, '2QRAU9UWQGXP', 1, '40VI17S5Y1TK', 1, 2, 3, 7),
(1764, '1966-12-18', 138, 'PZSJ8H9C5VM', 1, '5PAQJTZZEMMY', 1, 1, 3, 29),
(1765, '1958-03-30', 2479, '5M3W0YYIZDO6', 0, '4ZBOW0CXJH3M', 1, 4, 3, 1),
(1766, '1973-08-25', 258, '4N9PKPXG2OS0', 1, '2RUFLMV0C8AY', 1, 4, 3, 26),
(1767, '1979-12-31', 138, '1FRI9X3610C6', 1, '3D6MHQH1MHC5', 1, 4, 3, 7),
(1768, '1953-02-25', 107, '5RBZ15QO1RS3', 1, '1A9T8GJOYM33', 1, 1, 3, 7),
(1769, '1949-03-02', 100, '52QLCMEG9OZQ', 1, '3XCNXZDHD9KS', 1, 3, 9, 31),
(1770, '1948-01-15', 306, '3B16I93G5T2J', 1, '3PBCJQ13QD1', 1, 2, 3, 9),
(1771, '1977-06-06', 231, 'ATW8G47KZT', 1, '4E4TN4RWGRCE', 1, 4, 9, 31),
(1772, '1959-04-07', 383, '565X41IKWMXN', 1, '503Q6PK31J0', 1, 3, 9, 31),
(1773, '1955-09-06', 107, '2OHC9ZBZG788', 1, '4K3D7LJCQQUP', 1, 1, 3, 8),
(1774, '1962-03-23', 238, '2K5NOKHPPUUT', 1, '4JT7OWX1N74E', 1, 1, 9, 31),
(1775, '1994-11-29', 307, '78GIGJLGR7S', 1, '39XG6ZWOOTMD', 1, 4, 9, 31),
(1776, '1965-04-25', 3504, 'MTKC8MBYPLK', 0, '1I67XW3NGSJ9', 2, 3, 3, 12),
(1777, '1986-01-17', 193, '1ZZGRZ4R16FB', 1, '3VBVVD11BDJ2', 1, 3, 3, 8),
(1778, '1982-07-29', 5381, '2QXMMKA7FVKC', 0, '1DDDRYICSX6I', 1, 3, 9, 31),
(1779, '1993-08-01', 3890, '51NYFHOH9G2L', 0, '3YCNTYFX2U7V', 1, 4, 9, 31),
(1780, '1969-11-09', 463, '50DKWXL0KZYK', 1, '1HYCZB3GH0I5', 2, 2, 9, 31),
(1781, '1952-06-05', 170, 'SGU0CKD48QB', 1, '551H7LZHEGKX', 1, 3, 9, 31),
(1782, '1969-09-29', 318, '9CZZLD57O30', 1, '3C1HILMICYDB', 1, 2, 9, 31),
(1783, '1982-08-09', 35, '51ZUXP6OSS9H', 1, '5043NBK6PN1', 1, 1, 9, 31),
(1784, '1970-09-17', 299, '57I3TUILT2QI', 1, '3V5LJZ8J3527', 1, 2, 9, 31),
(1785, '1976-11-01', 334, '23IMNFN18UK7', 1, '5OAUNRGDGZSV', 1, 1, 9, 31),
(1786, '1977-07-01', 2036, '36FT2OA3O1DM', 0, 'AH4GGDRJEAV', 1, 1, 9, 31),
(1787, '1993-01-28', 219, '4GDEK97D1U6D', 1, '2JXS7UP6QULY', 1, 3, 9, 31),
(1788, '1988-09-28', 396, 'MVCTEYJ89YB', 1, 'WSEXMWJTMYR', 1, 2, 9, 31),
(1789, '1962-09-05', 6190, '2K3EEUKCOSWM', 0, '36LVKR0NDSVY', 1, 1, 3, 23),
(1790, '1957-04-01', 365, '234PWM9BD99H', 1, '4CUQ8V7MOUZ0', 1, 4, 3, 12),
(1791, '1977-04-24', 109, '59GH6FUD74SK', 1, '5M4J31PLVTUO', 1, 2, 9, 31),
(1792, '1980-11-16', 279, 'P20WH9BWD2Y', 1, '1J9C44X6WQ9', 2, 4, 9, 31),
(1793, '1958-08-19', 271, '3WG0G9ZEDYCI', 1, '4EH7WXBZO08P', 1, 1, 7, 30),
(1794, '1982-02-25', 66, '4FHWQGKN54S7', 1, '20U1VXDB0LDT', 1, 1, 4, 10),
(1795, '1974-01-12', 63, '5W2UK7HRR50B', 1, '4DYZYTAR3OH6', 1, 4, 9, 31),
(1796, '1949-05-01', 109, '34FJHQ61LFF8', 1, '5UQRBKMUJQM0', 1, 2, 3, 1),
(1797, '1950-07-11', 184, 'S2HOXDG5JHL', 1, '4GDKO3W8RFMH', 1, 3, 3, 23),
(1798, '1986-05-02', 119, '2OHEGBHOA9FN', 1, '40R3ABYE0E45', 1, 4, 3, 19),
(1799, '1968-07-05', 78, '4GDLN0PE84W8', 1, '1VC4QS0GSLH0', 1, 1, 3, 21),
(1800, '1950-04-06', 401, 'SAHW9ZS3LYX', 1, '25H3HH9U4ZGN', 1, 2, 9, 31),
(1801, '1983-07-07', 265, 'MNBWTSY3MG6', 1, '5V57ANTOR5T0', 1, 4, 9, 31),
(1802, '1962-09-17', 3708, '2264BWQ0YDE4', 0, '2OQVLIAWK10N', 2, 3, 3, 29),
(1803, '1992-06-01', 6182, 'VJTO344LD3T', 0, '1XT99WNZSQDI', 1, 2, 3, 19),
(1804, '1977-09-10', 1705, '1H6FPB5H2WLH', 0, '4TUPH59DGEC', 1, 1, 3, 9),
(1805, '1951-07-05', 101, '2227NPDM8H7H', 1, '1VCHVS13OA0E', 2, 2, 3, 8),
(1806, '1979-01-06', 434, '50Q6SV6TASRQ', 1, '2RXU386G78BA', 1, 1, 3, 12),
(1807, '1982-11-12', 163, 'VNHR3TY8JUR', 1, '3NE0MOAJZKM', 1, 4, 4, 3),
(1808, '1973-02-16', 419, '58LPSBBVQ5WE', 1, '5Q9UYV128J90', 1, 1, 3, 12),
(1809, '1995-06-11', 323, 'X022CWG1Y33', 1, 'MLECT5H2EBE', 1, 1, 9, 31),
(1810, '1984-05-13', 399, 'AK10U0I6Q5A', 1, 'OY3K4O3WYNC', 1, 3, 3, 9),
(1811, '1986-02-02', 433, '203BYUBAN0A2', 1, 'S92IU367BBR', 1, 3, 9, 31),
(1812, '1955-01-08', 155, '1YKW2JCRP37U', 1, '4ZFMFC340MZW', 1, 2, 3, 26),
(1813, '1958-12-23', 6070, 'NJVS8J71J1S', 0, '1NEOMT6Z5ZO', 1, 1, 8, 26),
(1814, '1958-08-28', 6495, '4HI0ZKHYGA8O', 0, '5SVW3TX8Z47O', 1, 3, 9, 31),
(1815, '1980-07-05', 3436, '4KWU01WUMD3D', 0, '3W6B2RSYZTQH', 1, 3, 3, 29),
(1816, '1994-11-01', 284, '2OMO39VAKAXL', 1, '3YKXFF3H8ABO', 1, 1, 4, 11),
(1817, '1994-03-10', 172, '569NA3BYMB3A', 1, '23D226C3FEH3', 1, 3, 3, 23),
(1818, '1984-08-16', 71, '9B71V4RWB0C', 1, 'NL2LYDC2PWL', 1, 4, 3, 1),
(1819, '1967-04-06', 156, '2QZOBUVOS6JX', 1, '3DISY06IEMGH', 1, 3, 3, 21),
(1820, '1972-10-23', 321, '8DINTZJZEO', 1, 'Q9VHI6F5KC3', 1, 4, 7, 30),
(1821, '1976-03-26', 470, '4U4UHOQY561', 1, '2J9D1RCGXX8W', 1, 4, 9, 31),
(1822, '1956-12-19', 4902, '5RLTGD3IPXD1', 0, '52OK9NG6NFH5', 1, 1, 3, 26),
(1823, '1949-03-30', 47, '38KJ0NSHHYAM', 1, '37WNA8MIITUR', 2, 1, 3, 26),
(1824, '1982-08-22', 96, '3DC9LTS2P800', 1, '2NIN85O3HZBO', 1, 1, 9, 31),
(1825, '1954-02-20', 287, 'TMYBM7IYUM1', 1, 'UL5K2NVFQ3U', 1, 1, 3, 26),
(1826, '2012-02-03', 332, '5UWARN7EE7C8', 1, '5TSK9GICXZ9J', 1, 2, 2, 16),
(1827, '1979-06-08', 335, '1J33FH0CTTNA', 1, '2S604E50GUJO', 1, 4, 9, 31),
(1828, '1962-09-13', 432, 'VS3IORRBC4Q', 1, '222LNG1J7GGP', 1, 1, 3, 12),
(1829, '1987-04-28', 153, '4GFIRBOA93QG', 1, '53SIXCZX2KXS', 1, 1, 3, 9),
(1830, '1978-12-07', 1732, '5R9Q9RB3CBKM', 0, '24JB4BH6OMFS', 1, 4, 3, 12),
(1831, '1994-05-30', 93, '5O6TMH3FPA6Z', 1, 'UH8JLZR8BU8', 1, 3, 3, 9),
(1832, '1971-12-22', 96, '22C9STR1OEUD', 1, '224MA82HT4P8', 1, 2, 9, 31),
(1833, '1988-07-13', 2824, '50RPO91BBD6S', 0, 'UHTMDFDIJEM', 2, 3, 3, 9),
(1834, '1985-08-18', 315, '1HTXRYA90FZ8', 1, '3AW0SOLHT2BH', 1, 4, 9, 31),
(1835, '1946-06-09', 6405, '3BXJ4O205R9B', 0, 'S6IU4J945NR', 1, 3, 3, 7),
(1836, '1963-05-17', 492, '1WMI43ZR6PNW', 1, '3SWMSJHIZWPJ', 1, 1, 3, 1),
(1837, '1994-11-09', 6313, '37OVN8W1T8MJ', 0, '2CU4PFVYKSA', 1, 4, 9, 31),
(1838, '1967-03-07', 2478, '5MENEXSVRA8', 0, '35EBII925926', 1, 3, 3, 19),
(1839, '1964-08-19', 4559, '1DP3DQGQ1PWT', 0, '2NN1PJX4HEZV', 1, 1, 9, 31),
(1840, '2007-11-23', 141, '4F5F8Q7TXA1G', 1, '54WQYRA0ESHV', 2, 1, 2, 16),
(1841, '1973-08-30', 347, '3RQ7188JL8RM', 1, '1N7LTQYKSRD', 1, 3, 3, 25),
(1842, '1962-03-03', 2788, '25PGR6JOW0JT', 0, 'A9O3AEBVU5W', 1, 2, 3, 26),
(1843, '1992-01-13', 259, '1ZPLDUKAAHG1', 1, '195OJ51XZ3P2', 1, 3, 3, 12),
(1844, '1955-08-30', 162, '4JT3DROH8299', 1, '5PF3HRHTWNEW', 1, 4, 3, 29),
(1845, '1972-01-20', 3708, 'PXZRO6GGD3E', 0, '1WI8CI4Z5RIE', 1, 4, 3, 19),
(1846, '1985-02-18', 459, '2J7JX7OJ6YK7', 1, '20UGDEJB0KSX', 2, 2, 3, 21),
(1847, '1975-06-12', 195, 'S6UTLLRCFG3', 1, '3YG32VARMDN2', 1, 2, 9, 31),
(1848, '1995-05-11', 252, '3A1376XC7CO1', 1, '1YR72RN3DCRQ', 1, 2, 5, 17),
(1849, '1980-01-03', 488, '3YG7QTLLUN2T', 1, '2M4AUBVVK6LE', 1, 1, 3, 29),
(1850, '1991-11-09', 320, 'METHIDFEW26', 1, '3T3FF4MFMIGX', 1, 1, 9, 31),
(1851, '1982-01-25', 114, 'TMYJQVH12VX', 1, '1EVTZMHO17UR', 1, 4, 9, 31),
(1852, '1951-07-12', 6462, '3C9NL9LNDRJ7', 0, 'SAD6OJM2SNN', 1, 2, 3, 9),
(1853, '1968-05-02', 1642, '4LZNP0F0ZCIK', 0, '3EISHEVLEZNY', 1, 3, 9, 31),
(1854, '1947-06-25', 408, '1XKYEPZ7ATMS', 1, 'VLDJ3XIVNT9', 1, 4, 9, 31),
(1855, '1956-04-26', 133, '3YSEY14ZTV64', 1, '3ZV34YBIC5N3', 1, 4, 3, 19),
(1856, '1958-03-18', 4728, '36OP8WG0FM32', 0, '4KZ21E41624H', 1, 3, 3, 9),
(1857, '1974-01-13', 449, 'PXSNZDPTP92', 1, '5USOAARHVAI8', 1, 4, 9, 31),
(1858, '2013-03-08', 4128, '3JGY53V8MJK', 0, '3QLR43DS0FPL', 1, 1, 2, 16),
(1859, '1982-04-12', 2415, '5W1K9IZ8YHNE', 0, '1GRTF6M9QZKX', 1, 2, 3, 1),
(1860, '1964-07-15', 374, '3DA4MNGTYO98', 1, '4EAUNFLLGQ2G', 1, 1, 4, 3),
(1861, '1964-02-24', 485, '50NK2UGQ55X7', 1, 'UDVIM6HCVPS', 1, 2, 3, 21),
(1862, '1989-11-20', 5681, '53QHXX48ZBZQ', 0, '55ZNKHD9449N', 1, 4, 9, 31),
(1863, '1969-06-20', 415, '5UWLBKM0IJM8', 1, '2NN1P8VXZXBO', 1, 4, 3, 8),
(1864, '1971-12-08', 375, '1YNROXKLUHA9', 1, '2LGISNK103SR', 2, 3, 3, 7),
(1865, '1974-11-26', 5348, '5O6FPLDKNPWM', 0, '2NB2F3H2J590', 1, 1, 3, 1),
(1866, '1975-09-13', 374, '4M7L5Z0JX4BQ', 1, '4F7FHQP8LJM3', 1, 2, 3, 25),
(1867, '1972-11-20', 232, '5UV0OEJBR8Z3', 1, '3EKIVMVV43NR', 1, 2, 3, 19),
(1868, '1994-05-19', 49, '36QAXOB16DAL', 1, '2OCPA5O7AWOP', 1, 3, 9, 31),
(1869, '1985-11-24', 3464, '2HH5DXG7BE6', 0, '59FYWQWQ2Q6F', 2, 3, 3, 26),
(1870, '1957-06-26', 5993, '2IRPIRIZQFLD', 0, '3A2VGSJ2IKDF', 1, 2, 9, 31),
(1871, '1987-10-04', 182, 'WI590USZHEE', 1, '5PFH4J8CA5VQ', 1, 2, 3, 9),
(1872, '1989-08-15', 5715, '1HSDXZIZP97T', 0, '4Q7NZN53XJG', 1, 2, 3, 8),
(1873, '1984-01-09', 69, '3ZTEJT33I77S', 1, 'PVYKR7C5MTU', 1, 3, 9, 31),
(1874, '1969-03-29', 353, '2K9JQYTOPHGO', 1, '5SIYWBZE5BH', 1, 2, 6, 27),
(1875, '1960-10-19', 157, '1Z1ET860U6VA', 1, '52SBM36GJOZB', 1, 2, 3, 9),
(1876, '1995-11-02', 249, '5M1ZEP7ZDS8X', 1, 'MPISE31DWZU', 1, 3, 9, 31),
(1877, '1955-09-20', 149, '3V178GOOCCW5', 1, '2HZBB4D04CIW', 1, 2, 3, 7),
(1878, '1950-11-05', 168, '3EN53M3TFIKL', 1, '7YE8N8IINRQ', 1, 4, 9, 31),
(1879, '1949-12-14', 5957, '197H5STJF45L', 0, '3A1A8REPEAHM', 1, 1, 3, 1),
(1880, '1966-05-27', 47, '5O0O3VWG057F', 1, '2MARRJC06564', 1, 1, 3, 25),
(1881, '1963-07-29', 4473, '546LY0D3RENQ', 0, '349RV2RAM26D', 1, 1, 9, 31),
(1882, '1947-07-13', 427, '3ZUXCLK0UG6B', 1, '59V0H3D1AKQR', 1, 2, 3, 12),
(1883, '1947-08-18', 301, '1XVKEORGTQYP', 1, '58JVXM931C15', 1, 2, 3, 25),
(1884, '1987-11-02', 2764, '52YQTIHFY1BE', 0, '1VAKU2FSP677', 2, 1, 9, 31),
(1885, '1978-05-26', 268, '1WQQQYOPN491', 1, '3N7AY6NYCQG', 1, 1, 3, 1),
(1886, '1962-10-10', 245, '56H7HTWJMT86', 1, '5PJM3MS4CC0S', 1, 2, 3, 7),
(1887, '1954-02-13', 189, '78XVEGI9E9J', 1, '1J1372DHF0H2', 1, 3, 3, 29),
(1888, '1988-05-18', 263, '34DLLB3UPSTD', 1, '1AWLXZIX65G', 1, 4, 9, 31),
(1889, '1948-10-01', 87, '5O74IFO7KBE4', 1, '1A2ISKJ1TZIT', 1, 3, 3, 8),
(1890, '1968-09-30', 6522, '57HEFG6BP3SE', 0, '3SWKS8U6Q2CM', 1, 4, 3, 23),
(1891, '1948-08-13', 172, '35G0AZD3ZA7B', 1, '3T0M0VEDO8YJ', 1, 2, 9, 31),
(1892, '1956-01-19', 5698, '1H5XWDTZQFRK', 0, '4VY0A56IOZU', 1, 2, 3, 12),
(1893, '1970-10-22', 477, '4D74R64LZVSR', 1, '3YMC92RT3QCI', 1, 2, 3, 21),
(1894, '1994-07-09', 3206, '2109YZLYRJS0', 0, '3XG7WAEIRHJU', 1, 3, 3, 23),
(1895, '1962-02-12', 488, '1WSBE2Z4ZTD0', 1, '3XJTJSHSX4OB', 1, 3, 3, 19),
(1896, '1979-04-25', 317, '37IYBYR4BX9W', 1, '4ZLA7I69D3OR', 1, 1, 3, 21),
(1897, '1951-02-19', 4214, '3QQINXJKYC64', 0, '2JXSCNFJMRU1', 1, 4, 3, 8),
(1898, '1967-09-25', 132, '1ERQ9AH20YQ8', 1, '3D3RROJMDHEW', 1, 3, 3, 21),
(1899, '1973-09-10', 81, '5SW09TZ2ZTVL', 1, '2OOS4VBGPTA1', 1, 4, 3, 9),
(1900, '1964-01-24', 423, '6244T0LIV7Y', 1, '4KOZ4UAU0ZI4', 1, 3, 9, 31),
(1901, '1957-03-26', 217, '1ABTRZMB4DRP', 1, '54YZ0DS0IPLI', 1, 2, 9, 31),
(1902, '1980-12-15', 291, '1CIYBP85PY37', 1, '2QXQGF3FCWTN', 1, 2, 9, 31),
(1903, '1958-11-16', 145, '1JCDJDD5YJTD', 1, '4D6UJLCP86H5', 2, 3, 9, 31),
(1904, '1962-08-09', 496, '23GWKWY2VRKH', 1, '5MWCQNENC72J', 1, 4, 3, 23),
(1905, '1983-10-13', 366, '50TFORFAON0F', 1, '5OAQQ066OHM6', 1, 2, 3, 12),
(1906, '1971-02-25', 103, '2OF07VTK1SAG', 1, '4MY8GWPKCZZI', 2, 3, 9, 31),
(1907, '1961-08-18', 127, '2KBDIEJ2U0C8', 1, '2PLJN680BJXF', 2, 1, 3, 9),
(1908, '1983-09-23', 203, '5NYKYWQB4VHY', 1, '2ONCRMTZHD2O', 2, 1, 9, 31),
(1909, '1955-05-20', 3986, '3WA6APPWN9AQ', 0, '4LTTH2YC0OKH', 1, 3, 9, 31),
(1910, '1968-01-03', 487, '40R5GOHQCW9U', 1, '39XR117L1WTH', 1, 2, 5, 17),
(1911, '1950-11-11', 464, '4E3EN6Z31IVA', 1, '4M53D87NYROM', 1, 3, 9, 31),
(1912, '1964-12-08', 69, '246Y56SKMZLE', 1, '3ECK3ADF7K4S', 1, 4, 9, 31),
(1913, '1990-01-01', 217, '51KG3GCAPH5O', 1, '588I9O2O0C50', 1, 1, 9, 31),
(1914, '1968-07-14', 325, '3EIZPHZ4QR7C', 1, '8YYPXPMUE3J', 1, 1, 4, 3),
(1915, '1968-10-16', 434, 'VPDULGB9XDE', 1, '1ZRHTPYKTOCX', 1, 2, 3, 29),
(1916, '1958-11-13', 5802, '1CN6IVZLWKG4', 0, '4N3R2BXYLHF5', 1, 4, 3, 25),
(1917, '1992-11-13', 2099, '1CEIWQ8GDZHX', 0, '3SQZKSCRVAYG', 1, 3, 3, 8),
(1918, '1954-07-11', 452, '70ZHSA8KI5G', 1, '3T783J15IJ35', 1, 1, 4, 10),
(1919, '1983-08-26', 5875, 'PYE2LTJ2DJX', 0, '1C8K0X06KG6W', 1, 1, 9, 31),
(1920, '1952-10-11', 62, 'SCSG2OOBNYW', 1, '35LSBGTNN3UZ', 1, 4, 3, 1),
(1921, '1983-02-11', 40, '552ONGOUF8YQ', 1, 'R4QTO0AA239', 1, 4, 3, 26),
(1922, '1949-11-04', 3594, '34JG9K2EM22L', 0, '1DT0Y1GXDAZO', 1, 3, 4, 10),
(1923, '1990-09-29', 169, '218FRXTPPQ1A', 1, '55BJ5V7LFC7K', 2, 2, 3, 9),
(1924, '1969-04-17', 3977, '4E543I0VRE01', 0, '8B3MK0HCYJS', 1, 2, 3, 1),
(1925, '1951-01-25', 408, '5V2Y65BYGO77', 1, '35K8SD30GFAD', 2, 1, 9, 31),
(1926, '1982-09-26', 6927, '5RROIIWDTY8S', 0, '52QWZQDS64UW', 1, 2, 3, 29),
(1927, '1965-07-01', 1715, '2S4H9X76WT82', 0, 'PUH1BTPM71W', 1, 2, 3, 19),
(1928, '1993-05-12', 3550, '1WEMRHS1X8PH', 0, '1HW8EE509SRR', 1, 1, 3, 8),
(1929, '1969-08-20', 385, '5LU4FG4SU2SE', 1, '1CJ8H1ZQ474H', 1, 3, 3, 26),
(1930, '1947-05-19', 391, '4K2YVFS1DJX5', 1, '36M9FBWDEBS3', 1, 3, 3, 1),
(1931, '1955-08-02', 18112, '620BDADZ49W', 0, '3ZJ4USXHG71L', 1, 4, 3, 12),
(1932, '1970-04-26', 1876, '1B4MPGMXED6Z', 0, '3YAKBVRJIFDO', 1, 1, 9, 31),
(1933, '1966-01-22', 283, '1JCNQCUHAWSL', 1, '546MDOC5SDN5', 1, 3, 3, 9),
(1934, '1953-08-21', 4633, '59CIPVD0AO44', 0, '3U5EF3SA8WL0', 1, 3, 9, 31),
(1935, '1983-06-20', 1571, '9ARUKDS30KM', 0, 'R4Y0YYY7MJ3', 1, 2, 3, 26),
(1936, '1958-03-28', 440, '2J3TZOAWYEYC', 1, '2OHC71JEL4MF', 1, 1, 3, 21),
(1937, '1972-02-24', 468, '23AVGTMMA26C', 1, '7Z9F4B40JT1', 1, 3, 3, 9),
(1938, '1975-12-31', 3088, '1WQPN4H0O719', 0, '38NDD6NL88I4', 1, 1, 9, 31),
(1939, '1995-02-20', 6874, '2F58WHTETYM', 0, 'VDL59YKBG53', 1, 3, 9, 31),
(1940, '1990-06-23', 181, '57KB9XBZ627U', 1, '24N2WED8S7U0', 1, 2, 3, 29),
(1941, '1959-04-13', 417, '4KZ5DPGQ2AHH', 1, '25J75X6YHH17', 1, 1, 9, 31),
(1942, '1987-01-23', 6370, '2NAOGQVWS2TW', 0, '3C02PTZXBAHC', 1, 2, 5, 17),
(1943, '1950-09-28', 266, '2S63COOSIVGA', 1, '5RI75HDGS99M', 1, 4, 3, 21),
(1944, '1975-08-19', 248, '1CETUAN21NA4', 1, '4HM6CGL0C4IU', 1, 1, 3, 19),
(1945, '1958-11-14', 4864, '1DLGBX8M87V5', 0, '1JAG1SRTQQTS', 1, 2, 4, 11),
(1946, '1973-10-25', 490, '359HOA9BZOQH', 1, '3SYJYFFTUODG', 1, 4, 9, 31),
(1947, '1964-08-31', 493, '1H0LRO7UGS7D', 1, '2K85VFO6KUO3', 1, 1, 3, 7),
(1948, '1973-01-14', 195, '1DGXUQZ8R6P0', 1, 'ONI2LKJTRU1', 1, 2, 4, 10),
(1949, '1966-02-01', 149, '1GNP57BOV3VE', 1, '38QSFDIXZW6G', 1, 2, 7, 30),
(1950, '1948-09-17', 5448, 'VVXZII6CQJJ', 0, '4FB2AW5X0YTN', 1, 4, 3, 9),
(1951, '1995-08-05', 166, 'SCM98NB07DD', 1, '56FSHACOZIQB', 1, 4, 4, 10),
(1952, '1963-06-27', 104, 'SB02AJ75BKX', 1, '1EFBFVXVSLF6', 1, 4, 9, 31),
(1953, '1969-02-28', 206, '1H65D0J87IUN', 1, '1CH0Y8PXUWEV', 1, 1, 3, 8),
(1954, '1964-11-30', 6035, '1VE3WXC7N8IZ', 0, '5W6ZKKKZLLB9', 1, 1, 3, 7),
(1955, '1949-06-29', 21, '59SHICS45Q6Z', 1, '2QVQ8DF0JPJI', 1, 1, 9, 31),
(1956, '1966-05-19', 1857, '5Q7JLM92XXGL', 0, '1H6LWEC2WX8Y', 1, 1, 9, 31),
(1957, '1978-12-31', 134, '5653Q1NL1IDW', 1, '3QMOIL8IEIT6', 1, 1, 3, 19),
(1958, '1972-08-22', 253, '24L1Q49AM7QB', 1, '2PZJKY6DLWQC', 1, 2, 3, 26),
(1959, '1968-05-25', 2869, '1VATLG2EX4T9', 0, '3C5W7YCMHJV4', 1, 3, 9, 31),
(1960, '1993-01-08', 349, '5O4HSY59IBIE', 1, '3B3P8PKX2ME6', 1, 2, 3, 21),
(1961, '1985-10-06', 400, '6QT9021K1UP', 1, '5O91J7T0UYXB', 1, 3, 3, 23),
(1962, '1987-06-11', 156, '5SK835VEWG5X', 1, '5SO8KA1OZFW9', 1, 2, 4, 10),
(1963, '1983-02-28', 4352, '3ZQRT984ECJX', 0, '4IQOKVMGLZ58', 1, 4, 9, 31),
(1964, '1987-04-19', 328, '1YZPMPSSHXUE', 1, '4JWYED3BQRNA', 1, 4, 5, 17),
(1965, '1950-12-29', 441, 'AB2C43F16XZ', 1, '532HPZMJNG5V', 1, 2, 9, 31),
(1966, '1947-04-11', 116, '4ZZLB2Z2RCG', 1, '3VB9UY4TSSQD', 1, 2, 3, 9),
(1967, '1964-09-07', 179, '4N9T8148INA8', 1, '5V0YI0B59VZL', 1, 3, 4, 10),
(1968, '1976-12-20', 6759, '1JED8SNLPZ1K', 0, '3RUJHAB0RHLS', 1, 3, 3, 1),
(1969, '1980-12-30', 364, 'AK11S7BU5GG', 1, '1ZZKKT4VZ3UK', 2, 1, 3, 19),
(1970, '1969-07-09', 309, '2J18CDYI6CWF', 1, '1FZNK73PUUBT', 2, 3, 3, 12),
(1971, '1992-09-21', 293, '51W0NRNJ84M3', 1, '2KBDVG6XBH2S', 1, 2, 9, 31),
(1972, '1961-11-06', 355, '5MSLH6FDS94Y', 1, '2OCREJQOWMSR', 1, 2, 9, 31),
(1973, '1980-01-15', 88, '3QMDNXCAC550', 1, '3EB1VPV0HPIX', 2, 4, 3, 1),
(1974, '1975-09-24', 78, '76GNJMIHGWB', 1, '5UM7SHOQEOZC', 1, 3, 9, 31),
(1975, '1975-01-05', 278, '5OF0DLZJU060', 1, '3N6LFONDWDH', 1, 1, 3, 21),
(1976, '1982-02-27', 465, '24MMRXK0RLHP', 1, 'SB7BMEQ76KC', 1, 1, 9, 31),
(1977, '1986-10-27', 303, '4FJRCBMOEVZL', 1, '57DOBSINARO7', 2, 1, 3, 12),
(1978, '1991-02-25', 6320, '5W2R3C42LK9X', 0, '1XH4BLOMP18S', 1, 1, 9, 31),
(1979, '1984-03-23', 370, '4JKZ98LI8QF', 1, '1H2XDGX8488', 1, 3, 9, 31),
(1980, '1967-06-04', 3750, '5SDKIHXUHU8H', 0, '2K5G8CYKZQYE', 1, 4, 3, 12),
(1981, '1970-10-27', 3371, '3VDSE4GBAX9W', 0, '60L0AFI2IWF', 1, 1, 3, 9),
(1982, '1992-04-04', 202, '3RKKIPJ14RIF', 1, '5MWQP4V8SP2K', 1, 1, 4, 11),
(1983, '1995-07-30', 5904, '1G1H9OUJZBL1', 0, '59IKI54NZ2RX', 1, 4, 9, 31),
(1984, '1975-07-10', 1222, '3C9R08GD1P0P', 0, '4KYR5BOX15RB', 1, 2, 3, 26),
(1985, '1960-03-30', 177, '4HFPVIQ9BALS', 1, '4FFF4J5NUZG9', 1, 2, 3, 29),
(1986, '1964-10-23', 4740, '238QQ1ATL6IL', 0, '5W5A707LBZQI', 1, 3, 9, 31),
(1987, '1967-03-29', 3389, '24IXCFINKQ4R', 0, '4GLU4N7D7MYW', 1, 4, 9, 31),
(1988, '1959-12-02', 94, '3DIOZH8G79RD', 1, '2QW5H7LWJGAD', 1, 2, 4, 18),
(1989, '1960-08-18', 6667, '38SN08488JIZ', 0, '59GKW369UPB8', 1, 3, 9, 31),
(1990, '1991-08-07', 272, '3YGEOYZFT7I1', 1, '4MZJK2086QSR', 1, 4, 9, 31),
(1991, '1948-12-30', 70, 'TBH8E2V0WHC', 1, '34FIIJFLEYCD', 1, 4, 3, 29),
(1992, '1982-10-08', 423, 'VFEBW7G0TMH', 1, '24DDCQDNKWC2', 1, 2, 3, 25),
(1993, '1947-07-17', 5605, '40TEENKFTX3K', 0, 'UJQITQKYGDR', 1, 3, 9, 31),
(1994, '1949-04-28', 136, '4IU7UIJSJ1DV', 1, '6SBOH7P7GVT', 1, 4, 3, 29),
(1995, '2015-05-04', 1597, '1H8KVPMWJE4', 0, '4M3GIYDG76IE', 1, 4, 2, 16),
(1996, '1996-01-27', 68, '53SSOCF7XWFA', 1, '5M0GKI904AXZ', 1, 3, 3, 26),
(1997, '1983-05-07', 184, '222EMLWCC88L', 1, '4MBIWZL9CVOJ', 1, 3, 4, 10),
(1998, '1969-10-23', 1789, 'OZMKIF9MBRK', 0, '1CJ5JFAZ5ZT5', 1, 3, 9, 31),
(1999, '1975-03-07', 83, '37GFZY9BXA3B', 1, '1FTYCQ3YFZF2', 1, 3, 4, 3),
(2000, '1946-08-18', 193, '5UMU5C465TET', 1, '51HWOUW7IO8Y', 1, 3, 3, 19),
(2001, '1987-02-07', 322, 'A7BOFYREJ48', 1, '3C5I88FCFNAG', 1, 2, 9, 31),
(2002, '1968-03-27', 251, '5O2SAXQWWG5Y', 1, 'UL2GTM1KSQO', 1, 3, 3, 1),
(2003, '1991-08-30', 98, '3YEW78XIKVJ1', 1, '57JSERK385BX', 1, 1, 3, 12),
(2004, '1991-08-15', 44, 'VJRBO42WHZT', 1, '4JWJV0QVTSKN', 1, 4, 3, 19),
(2005, '1993-08-28', 148, '1FPIA4WC80TP', 1, '35EENGDFH8YH', 1, 1, 9, 31),
(2006, '1990-03-19', 398, '2PP5RAGXCDZG', 1, '16O0SJ8S9W6', 1, 3, 9, 31),
(2007, '1976-08-24', 62, '58OCPRDYTSKT', 1, 'VFI9WJJBYX6', 1, 3, 3, 9),
(2008, '1968-09-11', 76, '1VOEPQMRZWYV', 1, 'WI0ASR7YHTG', 2, 4, 3, 29),
(2009, '1967-04-20', 4701, '5NWF3PBBB1LK', 0, '4IGIPTV2SVRI', 1, 2, 9, 31),
(2010, '1980-04-08', 139, '562ZUAMET5GP', 1, '3B60PGO6CWOI', 1, 3, 3, 26),
(2011, '1973-02-17', 4078, 'METNSG06XIL', 0, '5SHT55TE1999', 1, 4, 9, 31),
(2012, '1956-08-07', 4706, '51QAAMW6NS3B', 0, '1GNOJFF3WGMC', 1, 4, 9, 31),
(2013, '1981-01-06', 1628, '4L5ARZW990V0', 0, '3CCGHODO8WAO', 1, 4, 9, 31),
(2014, '1961-07-09', 2804, '40XF0XMKFFQC', 0, '3DC2OTRMIGUQ', 2, 4, 9, 31),
(2015, '1976-08-17', 25, '5QIZTQ3BN5ML', 1, '4D6TZP1X0PNI', 1, 1, 9, 31),
(2016, '1984-03-16', 327, '2MACTGM56Q52', 1, '1JEWABESR6R5', 1, 1, 3, 25),
(2017, '1993-07-02', 79, '52MUPCUA4QH0', 1, '4M9B1AISK7RG', 1, 4, 3, 12),
(2018, '1980-05-28', 427, '2S8BY8MUW13L', 1, '5RHSELZXF00O', 1, 4, 3, 29),
(2019, '1964-11-14', 77, '555DR7P9I4BK', 1, '5NX29RRU6PTU', 1, 2, 3, 12),
(2020, '1969-09-28', 5835, '2MKNGE8YJ3CE', 0, '51TWRNOQHK9I', 1, 4, 9, 31),
(2021, '1970-10-21', 3161, '2HZE7CDSAYJS', 0, '5RG6BXGBTRVB', 1, 3, 1, 6),
(2022, '1985-01-13', 324, '5UZ1Q5E39NJ2', 1, '3L3ADA09CUO', 1, 1, 3, 9),
(2023, '1963-04-01', 54, '40YX99ATWPKS', 1, '1HSDW9CFW2RH', 1, 3, 3, 21),
(2024, '1966-07-25', 5473, 'UL5DWB2SBS5', 0, '3V4141U5XIVP', 1, 2, 9, 31),
(2025, '1982-03-08', 259, '59SKN2SBGG1M', 1, '5W2UX6JW0IAT', 1, 3, 3, 26),
(2026, '1946-08-09', 215, '5TWET6ZKVVG0', 1, '3YANXOS9YXBH', 1, 2, 3, 9),
(2027, '1977-11-23', 189, '3RO3P72OESGF', 1, '2GT0QX42M1', 1, 4, 3, 8),
(2028, '1964-02-03', 409, '5O2AO7RECX2M', 1, 'VNVKEZ8WJUE', 1, 2, 3, 9),
(2029, '1982-05-30', 27, '225WJVOYTMTJ', 1, '4KUX2BYVFSQ0', 1, 1, 9, 31),
(2030, '1961-07-31', 2746, '249FRK64AUC5', 0, '3PPG3TKGIFT', 1, 4, 3, 1),
(2031, '1979-10-11', 472, '5P0NDSXHTSEM', 1, '51Y2D22LMI0R', 1, 2, 3, 9),
(2032, '1984-08-01', 371, '3HUWEOQED0Y', 1, '5TKAIRGZM718', 1, 1, 4, 11),
(2033, '1994-09-03', 6293, '5P9CTC16TBVN', 0, '2NB2FUUZFC2', 1, 1, 3, 23),
(2034, '1953-07-12', 60, '34G5KZNL4PPV', 1, '1IWQJ9DLBI87', 1, 1, 4, 10),
(2035, '1973-03-10', 5777, '1XJ2J81WEDKU', 0, '1AG9BFJKKPOR', 1, 4, 3, 1),
(2036, '1955-10-24', 327, '57JF1LA4XJU0', 1, '2OT4C409YRFR', 1, 3, 9, 31),
(2037, '1995-08-13', 301, '5W2VMGPISOB0', 1, '1B6OBQKIR205', 1, 4, 3, 19),
(2038, '1959-10-07', 98, '3U1HQ9IQ42BE', 1, '3ZL7ETOVADX2', 1, 1, 9, 31),
(2039, '1952-10-21', 74, '6WO4P83JR9B', 1, '5UMTYWGU6UPL', 2, 3, 9, 31),
(2040, '1952-10-10', 495, '5NAYZWE4073G', 1, '3TZ9VVWA4MB8', 1, 4, 3, 1),
(2041, '1949-10-17', 5364, '52M5TZU97ID3', 0, '5SVT15NM6MD1', 1, 2, 3, 8),
(2042, '1956-11-13', 217, '51VQ45ANLCUH', 1, '5LUFI9TSHPCP', 1, 1, 3, 21),
(2043, '1954-12-10', 5940, '2QN5VJ0JH4KA', 0, '5PAV75KBNIJO', 2, 1, 3, 12),
(2044, '1949-07-02', 464, '5RNRC2U2FI44', 1, '196RALQ0MYW', 2, 1, 3, 12),
(2045, '1965-08-07', 428, '2MI7SNF1RXHZ', 1, '3ZN5Q9OVLMB1', 1, 4, 3, 8),
(2046, '1991-02-23', 60, '5Q91BXUT3E7J', 1, '2OIJ2N0CWBUC', 1, 1, 3, 1),
(2047, '1950-03-18', 372, '59I73QE6LXHP', 1, '1FPS28ZTOYRC', 1, 2, 9, 31),
(2048, '1965-11-20', 112, '5P6U8IZ0NC6X', 1, 'ABE6ODOL2NE', 1, 2, 9, 31),
(2049, '1986-07-01', 157, '4ZJNXUEQAOFW', 1, 'U9CIU8T6P0Z', 1, 2, 3, 7),
(2050, '1952-01-15', 324, '3CDYP87TUJEJ', 1, '5W940H6IQNDW', 1, 1, 3, 29),
(2051, '1976-07-08', 387, '2PLQA8FF00UU', 1, '7V9Q2C9CKNR', 1, 3, 9, 31),
(2052, '1968-02-26', 423, 'MVLJL6N9QOD', 1, '2FMNQF0H5GU', 1, 2, 4, 11),
(2053, '1971-03-01', 1294, '5U5LB63AZKC', 0, 'OXS5JEIHJUC', 1, 4, 3, 25),
(2054, '1995-06-15', 85, '50TWXILIMCF7', 1, '3ZQSBJT9FDYD', 1, 2, 4, 11),
(2055, '1956-07-19', 5072, '50PSAT4AZZT8', 0, '4TN8N9WQH54', 2, 3, 1, 6),
(2056, '1968-05-20', 3625, '19C6WVXAJ28K', 0, '4GK1PHBB4J88', 1, 4, 3, 1),
(2057, '1978-05-09', 106, '1C6R90BZ5L23', 1, '3RUJFYNFVBM4', 1, 2, 3, 19),
(2058, '1990-06-15', 319, '201HJ17DGFKP', 1, '5619H1INYPBL', 1, 2, 3, 29),
(2059, '1993-09-27', 1004, '2K3IDAPV5AL1', 0, 'O1QES2NAGDW', 1, 2, 3, 19),
(2060, '1984-01-29', 422, '35K1P9Z1RPJ6', 1, '8787UXQ8CXU', 1, 3, 4, 10),
(2061, '1994-07-24', 5043, '3T92AE6AMYK', 0, 'TMZXS5THN2C', 1, 1, 9, 31),
(2062, '1947-11-08', 182, '51YCJAAQ5PUB', 1, 'PY7IPKSXWSM', 1, 2, 3, 12),
(2063, '1962-08-18', 294, '1XTKFH9QRB29', 1, '5NWO09VEKXVE', 1, 3, 9, 31),
(2064, '1947-04-05', 236, '5RBYM70K8XO8', 1, '2I0SODX6T2G9', 1, 4, 3, 8),
(2065, '1984-05-19', 423, '1WQWOX4S9V2C', 1, '78SBJWBZAYL', 1, 3, 3, 29),
(2066, '1952-11-20', 134, '4ZRSP9B9VCAA', 1, '1YXGOF87LRVA', 1, 1, 3, 25),
(2067, '1970-06-14', 2644, '9H7PWLWHL7D', 0, '3SYGIYKIO1JN', 1, 2, 9, 31),
(2068, '1995-02-07', 94, '35HXBLF4POMM', 1, 'NXT6RDGC7Q9', 1, 2, 3, 12),
(2069, '1972-10-14', 170, '2JX5U6VRGTQ1', 1, 'TH4KMEY1X9W', 1, 4, 9, 31),
(2070, '1980-03-09', 36, '1XJ9NBOJG7HK', 1, '34JOHURFBWFF', 1, 2, 9, 31),
(2071, '1986-09-06', 3146, 'QW5C6SMCDZ8', 0, '3T4MNSY06OXW', 2, 4, 9, 31),
(2072, '1992-08-08', 5180, 'VNJRZ377G7L', 0, '52WYG10BU540', 1, 1, 9, 31),
(2073, '1955-10-21', 405, '5UYB0AKGKVQ1', 1, '36KKFCLWIGXO', 1, 3, 1, 6);
INSERT INTO `explosion` (`idExplosion`, `dateDeclenchement`, `puissanceEstimee`, `nomDeCode`, `estFission`, `description`, `idCategorie`, `idType`, `idPays`, `idSite`) VALUES
(2074, '1984-01-24', 477, '2OWG2YXABCU', 1, '1HUUB2YCZ4F9', 2, 3, 3, 29),
(2075, '1983-08-23', 68, '40P8Z5WJA1IE', 1, 'TFFJI1A02QO', 1, 2, 9, 31),
(2076, '1990-10-20', 277, '5R9MN4ANYXBO', 1, 'R2MWBQDSJIJ', 1, 4, 6, 28),
(2077, '1990-05-12', 365, '4K2L23MLXUT9', 1, '3ZXG5DL9RAGL', 1, 3, 3, 9),
(2078, '1956-03-23', 374, '40JF08I3L2B8', 1, '1DAZDK2VN7QQ', 1, 2, 3, 12),
(2079, '1964-01-10', 25, '50FTBWL7MHIW', 1, '2FJLD7DB90T', 1, 4, 9, 31),
(2080, '1960-02-04', 136, '3B1O2E8RYE4Y', 1, 'MMOTV8C2OPP', 1, 4, 3, 19),
(2081, '1970-09-21', 41, '4E3FJM43G0K9', 1, '2L2BJFVGYG3T', 1, 4, 3, 23),
(2082, '1989-10-30', 399, '59OYBY90BLOC', 1, 'NZPGW5KQEA4', 1, 4, 9, 31),
(2083, '1961-11-09', 209, '4KPKBVNHWKQI', 1, '3YIW3S3BJG49', 1, 2, 3, 8),
(2084, '1949-12-11', 106, '3X8CH4GWT4JT', 1, '4KONHQP5L9V1', 1, 1, 9, 31),
(2085, '1950-03-03', 208, '24MZABD7GS9Y', 1, '4JWMY3XZKCI8', 1, 1, 9, 31),
(2086, '1968-11-05', 5069, '39YUT8YWD3P9', 0, '4HMCNHZWSCH4', 1, 3, 3, 26),
(2087, '1948-05-29', 123, '854R53MU886', 1, '4GBS1RBYP8OM', 1, 1, 3, 25),
(2088, '1978-12-10', 251, '37S84MONWAI4', 1, '1DF8PUZLNY8J', 1, 1, 9, 31),
(2089, '1948-05-13', 1866, '5UU9ZPR6LE61', 0, '2QZG64U5YIN4', 1, 3, 3, 21),
(2090, '1992-03-04', 206, '3V5J0IECVU9F', 1, '6S8GR6VZQZF', 1, 2, 3, 21),
(2091, '1960-05-19', 339, '50SBZ7HKFA35', 1, 'AF7I0GAS65K', 1, 2, 3, 9),
(2092, '1957-06-16', 189, '4HM11CPJNPB6', 1, '3YESFQG3CCYD', 1, 2, 3, 29),
(2093, '1969-10-14', 73, '3UBHN6BJKF5T', 1, '56BMQLI587PN', 1, 4, 3, 12),
(2094, '1959-03-05', 144, '2PJQ42XFEG7Y', 1, '3DC2UQU1D8JB', 1, 4, 4, 18),
(2095, '1976-05-26', 326, '5N6U5LWF0GX6', 1, '3YO6JSAAANZT', 1, 2, 9, 31),
(2096, '1988-02-22', 409, '5WGBPVVMGDS', 1, '5416BDR3OWVX', 1, 1, 3, 19),
(2097, '1956-09-06', 3344, '36I80KRO7FR6', 0, '2MMUS6JSLZIA', 1, 4, 9, 31),
(2098, '1954-12-19', 391, '59E9D99JV3AT', 1, 'Q6FWDTM1EKW', 1, 1, 3, 12),
(2099, '1958-06-05', 73, '548XSW49GS1G', 1, '5N64ERSRYOYA', 1, 4, 3, 26),
(2100, '1964-12-16', 6466, '3WFOCUXXTPCJ', 0, '39SXQOAY92PX', 2, 1, 9, 31),
(2101, '1987-10-26', 66, '5N4WCIASDL4S', 1, '1JFA7QJ247SY', 1, 1, 4, 3),
(2102, '1961-08-14', 2329, '20ZZI1FJ2EI3', 0, 'MJH7HSIWIQ2', 1, 3, 3, 9),
(2103, '1970-03-03', 38, 'MPCGXBHMLK2', 1, '2IZOT3A43N3I', 1, 3, 9, 31),
(2104, '1974-07-20', 144, '4EBA52CV66DI', 1, '4ZP6CDCHJP75', 1, 1, 9, 31),
(2105, '1992-07-01', 203, '3QPWTBJFSM6V', 1, '58E2F8S82BMC', 1, 4, 9, 31),
(2106, '1952-03-11', 42, '25LR1BAJGYMG', 1, '534FEKQR7PLX', 1, 2, 3, 9),
(2107, '1990-11-16', 211, 'QYNX5002EMK', 1, '35BP4OYYBTG6', 1, 2, 3, 25),
(2108, '1985-07-02', 4986, '2RWF3C3YWH9X', 0, '2PTEK2HD2NX6', 1, 3, 9, 31);

--
-- Déclencheurs `explosion`
--
DELIMITER $$
CREATE TRIGGER `updateLengthNom` BEFORE UPDATE ON `explosion` FOR EACH ROW BEGIN
IF (LENGTH(new.nomDeCode) < 3)
THEN
		SIGNAL SQLSTATE '45000' 
        SET MESSAGE_TEXT = 'Nom WRONG';
END IF;
END
$$
DELIMITER ;
DELIMITER $$
CREATE TRIGGER `verifLengthNom` BEFORE INSERT ON `explosion` FOR EACH ROW BEGIN
IF (LENGTH(new.nomDeCode) < 3)
THEN
		SIGNAL SQLSTATE '45000' 
        SET MESSAGE_TEXT = 'Nom WRONG';
END IF;
END
$$
DELIMITER ;

-- --------------------------------------------------------

--
-- Doublure de structure pour la vue `explovue`
-- (Voir ci-dessous la vue réelle)
--
CREATE TABLE `explovue` (
`nomDeCode` varchar(50)
,`dateExplotion` date
,`puissance` int unsigned
,`libelleType` varchar(50)
,`nomCateg` varchar(50)
,`nomSite` varchar(50)
,`paysSite` varchar(50)
);

-- --------------------------------------------------------

--
-- Structure de la table `pays`
--

CREATE TABLE `pays` (
  `idPays` int NOT NULL,
  `nom` varchar(50) NOT NULL
) ENGINE=InnoDB DEFAULT CHARSET=utf8mb4 COLLATE=utf8mb4_0900_ai_ci;

--
-- Déchargement des données de la table `pays`
--

INSERT INTO `pays` (`idPays`, `nom`) VALUES
(13, 'Algérie'),
(18, 'Australie'),
(1, 'Chine'),
(2, 'Corée du Nord'),
(3, 'États-Unis'),
(4, 'France'),
(12, 'Îles Marshall'),
(5, 'Inde'),
(9, 'Israël'),
(19, 'Japon'),
(14, 'Kazakhstan'),
(11, 'Kiribati'),
(10, 'Micronésie'),
(15, 'Ouzbékistan'),
(6, 'Pakistan'),
(7, 'Royaume-Uni'),
(17, 'Turkménistan'),
(16, 'Ukraine'),
(8, 'Union soviétique');

-- --------------------------------------------------------

--
-- Structure de la table `site`
--

CREATE TABLE `site` (
  `idSite` int NOT NULL,
  `designation` varchar(50) NOT NULL,
  `latitude` double NOT NULL,
  `longitude` double NOT NULL,
  `idPays` int NOT NULL
) ENGINE=InnoDB DEFAULT CHARSET=utf8mb4 COLLATE=utf8mb4_0900_ai_ci;

--
-- Déchargement des données de la table `site`
--

INSERT INTO `site` (`idSite`, `designation`, `latitude`, `longitude`, `idPays`) VALUES
(1, 'Nevada', 37.11, -116.07, 3),
(2, 'Semipalatinsk', 50.41, 80.25, 14),
(3, 'Moruroa', -21.84, -138.86, 4),
(4, 'Nouvelle-Zemble', 75.12, 58.69, 8),
(5, 'Kristall', 67.01, 114.39, 8),
(6, 'Lop Nor', 40.3, 90.65, 1),
(7, 'Enewetak', 11.42, 162.34, 10),
(8, 'Île Christmas', -10.48, 105.65, 11),
(9, 'Bikini', 11.54, 165.27, 12),
(10, 'Fangataufa', -22.24, -138.74, 4),
(11, 'In Ecker', 24.02, 5.08, 13),
(12, 'Johnston', 16.72, -169.49, 3),
(13, 'Kapoustine Iar', 57.63, 39.87, 8),
(14, 'Bolshoy Azgir', 17.17, 42.42, 8),
(15, 'Maralinga', 7.07, -65.65, 18),
(16, 'Punggye-ri', 41.91, 129.37, 2),
(17, 'Pokharan', 81.81, -4.04, 5),
(18, 'Reggane', 26.72, 0.18, 13),
(19, 'Amchitka', 51.51, 179.03, 3),
(20, 'Îles Montebello', 9.09, 37.37, 18),
(21, 'Tsokoye', -14.14, 97.97, 3),
(22, 'Emu Fields', 65.65, -41.41, 18),
(23, 'Hattiesburg', 10.1, 76.76, 3),
(24, 'Mourmansk', -89.89, -8.08, 8),
(25, 'Alamogordo', 32.9, -105.94, 3),
(26, 'Farmington', -78.78, 40.4, 3),
(27, 'Kharan', -23.23, 18.18, 6),
(28, 'Ras Koh', -41.41, 73.73, 6),
(29, 'Rifle', -89.89, -16.16, 3),
(30, 'Royalty-test', 43.78, 112.04, 7),
(31, 'Isr-test', 2.44, 17.87, 9),
(32, 'Hiroshima', 34.39, 132.45, 19),
(33, 'Nagasaki', 33.12, 129.79, 19);

--
-- Déclencheurs `site`
--
DELIMITER $$
CREATE TRIGGER `updateLatitude` BEFORE UPDATE ON `site` FOR EACH ROW BEGIN
	IF (new.latitude < -90 OR new.latitude > 90) 
    THEN
		SIGNAL SQLSTATE '45000' 
        SET MESSAGE_TEXT = 'Latitude doit etre entre -90 et 90';
	END IF;
END
$$
DELIMITER ;
DELIMITER $$
CREATE TRIGGER `updateLongitude` BEFORE UPDATE ON `site` FOR EACH ROW BEGIN
	IF (new.longitude < -180 OR new.longitude > 180) 
    THEN
		SIGNAL SQLSTATE '45000' 
        SET MESSAGE_TEXT = 'Longitude doit etre entre -180 et 180';
	END IF;
END
$$
DELIMITER ;
DELIMITER $$
CREATE TRIGGER `verificationLatitude` BEFORE INSERT ON `site` FOR EACH ROW BEGIN
	IF (new.latitude < -90 OR new.latitude > 90) 
    THEN
		SIGNAL SQLSTATE '45000' 
        SET MESSAGE_TEXT = 'Latitude doit etre entre -90 et 90';
	END IF;
END
$$
DELIMITER ;
DELIMITER $$
CREATE TRIGGER `verificationLongitude` BEFORE INSERT ON `site` FOR EACH ROW BEGIN
	IF (new.longitude < -180 OR new.longitude > 180) 
    THEN
		SIGNAL SQLSTATE '45000' 
        SET MESSAGE_TEXT = 'Longitude doit etre entre -180 et 180';
	END IF;
END
$$
DELIMITER ;

-- --------------------------------------------------------

--
-- Structure de la table `type`
--

CREATE TABLE `type` (
  `idType` int NOT NULL,
  `libelle` varchar(50) NOT NULL
) ENGINE=InnoDB DEFAULT CHARSET=utf8mb4 COLLATE=utf8mb4_0900_ai_ci;

--
-- Déchargement des données de la table `type`
--

INSERT INTO `type` (`idType`, `libelle`) VALUES
(1, 'Atmosphériques'),
(2, 'Souterraine'),
(3, 'Extra-atmosphériques'),
(4, 'Sous-marines');

-- --------------------------------------------------------

--
-- Structure de la vue `explovue`
--
DROP TABLE IF EXISTS `explovue`;

CREATE ALGORITHM=UNDEFINED DEFINER=`Nikolai`@`%` SQL SECURITY INVOKER VIEW `explovue`  AS SELECT `explosion`.`nomDeCode` AS `nomDeCode`, `explosion`.`dateDeclenchement` AS `dateExplotion`, `explosion`.`puissanceEstimee` AS `puissance`, `type`.`libelle` AS `libelleType`, `categorie`.`nom` AS `nomCateg`, `site`.`designation` AS `nomSite`, `pays`.`nom` AS `paysSite` FROM ((((`explosion` join `type` on((`type`.`idType` = `explosion`.`idType`))) join `categorie` on((`categorie`.`idCategorie` = `explosion`.`idCategorie`))) join `site` on((`site`.`idSite` = `explosion`.`idSite`))) join `pays` on((`pays`.`idPays` = `explosion`.`idPays`))) ORDER BY `explosion`.`puissanceEstimee` ASC ;

--
-- Index pour les tables déchargées
--

--
-- Index pour la table `categorie`
--
ALTER TABLE `categorie`
  ADD PRIMARY KEY (`idCategorie`);

--
-- Index pour la table `explosion`
--
ALTER TABLE `explosion`
  ADD PRIMARY KEY (`idExplosion`),
  ADD KEY `Explosion_Categorie_FK` (`idCategorie`),
  ADD KEY `Explosion_Type_FK` (`idType`),
  ADD KEY `Explosion_Pays_FK` (`idPays`),
  ADD KEY `Explosion_Site_FK` (`idSite`),
  ADD KEY `idx_explosion_nomDeCode` (`nomDeCode`);

--
-- Index pour la table `pays`
--
ALTER TABLE `pays`
  ADD PRIMARY KEY (`idPays`),
  ADD UNIQUE KEY `nom` (`nom`);

--
-- Index pour la table `site`
--
ALTER TABLE `site`
  ADD PRIMARY KEY (`idSite`),
  ADD KEY `Site_Pays_FK` (`idPays`);

--
-- Index pour la table `type`
--
ALTER TABLE `type`
  ADD PRIMARY KEY (`idType`);

--
-- AUTO_INCREMENT pour les tables déchargées
--

--
-- AUTO_INCREMENT pour la table `categorie`
--
ALTER TABLE `categorie`
  MODIFY `idCategorie` int NOT NULL AUTO_INCREMENT, AUTO_INCREMENT=4;

--
-- AUTO_INCREMENT pour la table `explosion`
--
ALTER TABLE `explosion`
  MODIFY `idExplosion` int NOT NULL AUTO_INCREMENT, AUTO_INCREMENT=2109;

--
-- AUTO_INCREMENT pour la table `pays`
--
ALTER TABLE `pays`
  MODIFY `idPays` int NOT NULL AUTO_INCREMENT, AUTO_INCREMENT=20;

--
-- AUTO_INCREMENT pour la table `site`
--
ALTER TABLE `site`
  MODIFY `idSite` int NOT NULL AUTO_INCREMENT, AUTO_INCREMENT=34;

--
-- AUTO_INCREMENT pour la table `type`
--
ALTER TABLE `type`
  MODIFY `idType` int NOT NULL AUTO_INCREMENT, AUTO_INCREMENT=5;

--
-- Contraintes pour les tables déchargées
--

--
-- Contraintes pour la table `explosion`
--
ALTER TABLE `explosion`
  ADD CONSTRAINT `Explosion_Categorie_FK` FOREIGN KEY (`idCategorie`) REFERENCES `categorie` (`idCategorie`),
  ADD CONSTRAINT `Explosion_Pays_FK` FOREIGN KEY (`idPays`) REFERENCES `pays` (`idPays`),
  ADD CONSTRAINT `Explosion_Site_FK` FOREIGN KEY (`idSite`) REFERENCES `site` (`idSite`),
  ADD CONSTRAINT `Explosion_Type_FK` FOREIGN KEY (`idType`) REFERENCES `type` (`idType`);

--
-- Contraintes pour la table `site`
--
ALTER TABLE `site`
  ADD CONSTRAINT `Site_Pays_FK` FOREIGN KEY (`idPays`) REFERENCES `pays` (`idPays`);
COMMIT;

/*!40101 SET CHARACTER_SET_CLIENT=@OLD_CHARACTER_SET_CLIENT */;
/*!40101 SET CHARACTER_SET_RESULTS=@OLD_CHARACTER_SET_RESULTS */;
/*!40101 SET COLLATION_CONNECTION=@OLD_COLLATION_CONNECTION */;
