-- phpMyAdmin SQL Dump
-- version 5.1.1
-- https://www.phpmyadmin.net/
--
-- Hôte : localhost:3306
-- Généré le : mer. 24 nov. 2021 à 15:58
-- Version du serveur : 8.0.26
-- Version de PHP : 7.4.19

SET SQL_MODE = "NO_AUTO_VALUE_ON_ZERO";
START TRANSACTION;
SET time_zone = "+00:00";


/*!40101 SET @OLD_CHARACTER_SET_CLIENT=@@CHARACTER_SET_CLIENT */;
/*!40101 SET @OLD_CHARACTER_SET_RESULTS=@@CHARACTER_SET_RESULTS */;
/*!40101 SET @OLD_COLLATION_CONNECTION=@@COLLATION_CONNECTION */;
/*!40101 SET NAMES utf8mb4 */;

--
-- Base de données : `nraexpertisenikolai`
--

DELIMITER $$
--
-- Procédures
--
CREATE DEFINER=`root`@`localhost` PROCEDURE `c4` ()  BEGIN
 SET @maxi = 400 + RAND() * 200; -- Nombre aléatoire compris entre 400 et 600
 SET @i = 0;
 WHILE @i < @maxi DO
  SET @numeroDeSerieTemp = CONV(FLOOR(RAND() * 99999999999999), 20, 36); -- Le numéro de série doit être une suite de caractères aléatoire
  SET @anneeDeMiseEnServiceTemp = 1990 + RAND() * (2021 - 1990); -- L’année de mise en service doit être aléatoire et comprise entre 1990 et 2021
  SET @latitudeTemp = 42.5 + RAND() * 8; -- La latitude doit être aléatoire et comprise entre 42,5 et 50,5 (pertinente pour la France)
  SET @longitudeTemp = -3.5 + RAND() * 10; -- La longitude doit être aléatoire et comprise entre -3,5 et 6,5 (pertinente pour la France)
  SET @idFournisseurTemp = (SELECT idFournisseur FROM Fournisseur ORDER BY RAND() LIMIT 1); -- Le fournisseur doit être choisi aléatoirement parmi les fournisseurs existants
  SET @idCategorieTemp = (SELECT idCategorie FROM Categorie ORDER BY RAND() LIMIT 1); -- La catégorie doit être choisi aléatoirement parmi les catégories existantes
  INSERT INTO Equipement (numeroDeSerie, anneeDeMiseEnService, latitude, longitude, idFournisseur, idCategorie)
  VALUES (@numeroDeSerieTemp, @anneeDeMiseEnServiceTemp, @latitudeTemp, @longitudeTemp, @idFournisseurTemp, @idCategorieTemp);
  SET @i = @i + 1;
 END WHILE;
 SELECT CONCAT(@i, ' équipements ajoutés') AS Resultat;
END$$

CREATE DEFINER=`root`@`localhost` PROCEDURE `c5` ()  BEGIN
 SET @maxi = 200 + RAND() * 100; -- Nombre aléatoire compris entre 200 et 300
 SET @i = 0;
 WHILE @i < @maxi DO
  SET @dateDeDemarrageTemp = CURDATE() - INTERVAL RAND() * 360 DAY; -- La date de démarrage doit être aléatoirement choisie parmi ces 360 derniers jours
  SET @dureeTemp = 30 + RAND() * 210; -- La durée de l'intervention doit être comprise entre 30 minutes et 4 heures.
  SET @montantPiecesTemp = IF(RAND() < 0.3, 0, 100 + RAND() * (2000 - 100)); -- Le montant doit être égal à 0 € dans 30 % des cas ou compris entre 100 et 2000 € dans 70 % des cas
  SET @idMotifTemp = (SELECT idMotif FROM Motif ORDER BY RAND() LIMIT 1); -- Le motif doit être choisi aléatoirement parmi les motifs existants
  SET @idEquipementTemp = (SELECT idEquipement FROM Equipement ORDER BY RAND() LIMIT 1); -- L'équipement doit être choisi aléatoirement parmi les équipements existants
  INSERT INTO Intervention (dateDeDemarrage, duree, montantPieces, idMotif, idEquipement)
  VALUES (@dateDeDemarrageTemp, @dureeTemp, @montantPiecesTemp, @idMotifTemp, @idEquipementTemp);
  SET @i = @i + 1;
 END WHILE;
 SELECT CONCAT(@i, ' interventions ajoutées') AS Resultat;
END$$

DELIMITER ;

-- --------------------------------------------------------

--
-- Structure de la table `categorie`
--

CREATE TABLE `categorie` (
  `idCategorie` int NOT NULL,
  `sigle` varchar(6) NOT NULL,
  `nomComplet` varchar(50) NOT NULL
) ENGINE=InnoDB DEFAULT CHARSET=utf8mb4 COLLATE=utf8mb4_0900_ai_ci;

--
-- Déchargement des données de la table `categorie`
--

INSERT INTO `categorie` (`idCategorie`, `sigle`, `nomComplet`) VALUES
(1, 'DSLAM', 'Digital Subscriber Line Access Multiplexer'),
(2, 'NRA', 'Nœud de Raccordement d’Abonné'),
(3, 'CAA', 'Commutateur à Autonomie d\'Acheminement'),
(4, 'SRHD', 'Sous-Répartiteur Haut Débit'),
(5, 'SRTHD', 'Sous-Répartiteur Très Haut Débit');

-- --------------------------------------------------------

--
-- Structure de la table `equipement`
--

CREATE TABLE `equipement` (
  `idEquipement` int NOT NULL,
  `numeroDeSerie` varchar(20) NOT NULL,
  `anneeDeMiseEnService` int NOT NULL,
  `latitude` float NOT NULL,
  `longitude` float NOT NULL,
  `idCategorie` int NOT NULL,
  `idFournisseur` int NOT NULL
) ENGINE=InnoDB DEFAULT CHARSET=utf8mb4 COLLATE=utf8mb4_0900_ai_ci;

--
-- Déchargement des données de la table `equipement`
--

INSERT INTO `equipement` (`idEquipement`, `numeroDeSerie`, `anneeDeMiseEnService`, `latitude`, `longitude`, `idCategorie`, `idFournisseur`) VALUES
(1, '54ZFWLJSA5YH', 2019, 42.9655, 1.70941, 3, 1),
(2, '4DARY9KW96Q7', 2019, 47.5035, -0.730831, 5, 4),
(3, '4GDDNGWMYLQ3', 2000, 46.1852, -0.426115, 5, 1),
(4, '2ORAVSBP19M9', 2020, 45.8559, -1.46236, 4, 2),
(5, '4EFPSMHW5RF4', 2014, 47.621, 5.72456, 2, 5),
(6, '1942J8S45F51', 2018, 50.1166, -3.31323, 4, 2),
(7, '34HQDOKQKSLW', 1998, 48.6858, -2.63148, 5, 5),
(8, '4HSBCDD7TVGU', 2005, 43.3928, -2.064, 1, 3),
(9, '24AK1NCIUBDK', 1998, 43.7834, -3.31841, 4, 5),
(10, '2HR3VG5OBFZA', 2000, 46.1289, -0.788029, 2, 2),
(11, '3ZL8DFKAU5M8', 2008, 48.9912, -0.107644, 3, 1),
(12, '1FJMU1W68FAH', 2009, 44.7339, 2.09901, 3, 2),
(13, '2NL5GD2YD80U', 2002, 47.4509, 5.50486, 2, 5),
(14, '2370IQVROC8Y', 1992, 44.1624, 4.93252, 2, 5),
(15, '36SEU9P8U93L', 1998, 48.6485, -3.21485, 2, 2),
(16, '1I6XP6RBF5BW', 1991, 45.372, 3.11273, 3, 3),
(17, '51Q7E5D4LOFN', 1991, 47.7988, -1.19893, 2, 2),
(18, '20U8JSIUWWID', 2016, 43.8144, -0.584384, 4, 4),
(19, '5MWN9E27GLNL', 1997, 46.1236, 2.00027, 2, 5),
(20, '5NANXV8CNH2H', 1993, 48.3717, 0.24032, 2, 3),
(21, '36SLXS5LP1A9', 1993, 49.4742, -2.6769, 3, 5),
(22, '1BAVVXAUL8FD', 2016, 46.645, -2.75146, 3, 5),
(23, '1ZPZVK2O11HG', 2002, 49.2146, -2.70473, 5, 5),
(24, '3E4LD5ICQO07', 2010, 46.0097, -0.826389, 1, 1),
(25, '1ZXJLYGGSL1M', 2015, 49.9162, -0.908235, 1, 3),
(26, 'VHBF94DL7DR', 2014, 44.8829, -1.67057, 5, 1),
(27, '4NC0PRJE18OV', 2000, 44.3723, -1.55948, 5, 1),
(28, '343LUFDXUO57', 2019, 43.3816, 4.322, 3, 3),
(29, '18TO2WCCLGWJ', 1993, 49.1909, 5.69132, 4, 1),
(30, '3ATXW2H9SRE2', 1998, 46.8387, 6.24846, 4, 4),
(31, '3EKXWL5PIVZE', 1993, 48.2899, -0.433419, 4, 4),
(32, '2HUO0VH063F7', 1999, 44.4716, 0.0689774, 3, 1),
(33, '9CVVLMT6XDD', 1994, 45.6551, 2.28455, 3, 5),
(34, 'NZ3P9WPU01W', 2010, 49.1349, -1.1329, 5, 4),
(35, '57JSKY9JRQIF', 2014, 44.498, 5.67735, 5, 4),
(36, '2OTI7MII1B1U', 2017, 50.3647, -0.685095, 5, 5),
(37, '3565CKIUJ5JS', 2007, 43.93, -0.828309, 4, 2),
(38, '4ZBDGR1M7ZUO', 2021, 46.8831, 4.18098, 2, 4),
(39, '56FWN66883WM', 2012, 49.543, -0.403406, 5, 3),
(40, 'OO6XPU8I65M', 1995, 46.0434, 3.81248, 1, 3),
(41, 'FZZ31Y1SS', 1990, 42.7438, -2.16774, 1, 5),
(42, '5TUKUUNEXHBC', 2005, 46.6443, -2.2851, 5, 4),
(43, '4PMRA4HIMF3', 2017, 44.1213, 0.619824, 2, 2),
(44, '1HWBNZCUHQ3G', 2003, 44.0665, 4.03252, 4, 1),
(45, 'UH0LEKI4CF8', 2016, 48.2586, -2.9605, 4, 1),
(46, '3A1K8C2NUUYF', 1997, 46.7522, 5.8482, 4, 1),
(47, '4L3ABHJM9GRG', 2020, 46.7213, 3.72128, 4, 1),
(48, '5RS9J387JRHG', 2000, 48.6304, 4.93923, 5, 5),
(49, '2OL20AUGF7E9', 2018, 42.9745, 2.74755, 4, 3),
(50, 'OTKKLWSG234', 1997, 48.8417, -0.839587, 1, 5),
(51, '4JV8GSH1DTZ4', 2000, 44.5686, 0.0914928, 2, 1),
(52, '4LVIVEXSXLI8', 2002, 47.4097, 5.43492, 1, 3),
(53, '5V53N1KWQBGK', 2006, 47.5821, 2.63516, 4, 1),
(54, '3ZMIO54X7C7S', 2018, 46.8214, 5.95359, 5, 5),
(55, '3W4BMEQUN0E3', 1994, 48.0218, -2.86569, 5, 2),
(56, '836ZA69AYEP', 2001, 46.9549, 3.65551, 3, 5),
(57, 'TEX2MNYLS42', 2006, 43.2849, 5.84204, 2, 2),
(58, '2OMRJH8D0IUP', 1991, 49.0148, 5.95676, 5, 3),
(59, '1WIO1CKZ6TNT', 2003, 44.1707, 4.04655, 1, 4),
(60, '37GJ1B74IO9L', 2006, 42.6181, 1.58323, 4, 3),
(61, '2R3RV2UC3BAI', 2010, 48.0788, 2.37217, 5, 4),
(62, 'NR4OXTJXBLH', 1990, 48.0025, 0.709569, 3, 1),
(63, '2HOHJJSNMPZR', 2020, 47.3634, -1.96946, 5, 2),
(64, '2QZNGH8CF44S', 2002, 46.5309, -0.104012, 5, 3),
(65, 'NJKUO3MPWQK', 1992, 43.004, -2.71958, 1, 5),
(66, '6YV2OB3K57', 2005, 45.1418, -1.04068, 2, 1),
(67, '4F37PC2Z47YG', 2012, 45.1129, 1.90619, 3, 4),
(68, '575H1981UYAW', 2017, 48.3674, -2.91123, 4, 4),
(69, '3RYGOEWELIZ1', 2019, 49.0194, -0.755035, 2, 4),
(70, '3D0NGTN2URDO', 2007, 50.2956, -1.08078, 4, 5),
(71, '553AMABZ6DSK', 1999, 50.0552, 4.66935, 2, 5),
(72, '1I266D3CQVH2', 2012, 48.2875, 1.19717, 2, 5),
(73, '3AXK6TOFV69P', 2016, 46.7169, -2.44944, 3, 5),
(74, '4L1K2Q52RTNO', 2018, 44.241, 0.0924323, 4, 1),
(75, 'NX9Z4KASNSC', 2007, 45.1602, -2.97872, 1, 3),
(76, '4HSM8NFXMSB4', 2012, 44.2938, -3.11392, 5, 2),
(77, 'P27TJATTHT8', 1992, 49.6105, -0.693277, 3, 3),
(78, 'GVBT0SG9B8', 2016, 44.4014, 2.80014, 5, 3),
(79, 'NP4VQ96CW9Z', 2001, 45.5934, 5.47674, 3, 1),
(80, '5UWOSDN1RLVR', 2007, 48.3351, -3.1443, 2, 3),
(81, '51TXX404RINH', 2008, 45.8939, 0.29344, 5, 3),
(82, '9DKI8U6KFWP', 2017, 42.7471, 2.27875, 1, 5),
(83, '58DQUOIRHB5P', 2012, 50.186, 2.87647, 1, 3),
(84, '5RG39JXSYVI0', 2018, 47.9455, 3.28115, 5, 5),
(85, 'UDVNJ63OVSX', 2008, 46.1191, 1.2926, 3, 1),
(86, '5P5E5DOOOEFE', 1994, 49.9033, -1.57248, 3, 4),
(87, '5TYQYLY9UV76', 2005, 45.9553, 3.88614, 1, 5),
(88, '5RLXKZFJGFUT', 2021, 43.1152, 0.664199, 1, 2),
(89, '577HXHM2N98K', 2007, 43.5292, 6.4605, 3, 3),
(90, '2KZOL3IUR27L', 2000, 45.2402, 3.8269, 4, 4),
(91, '2LGFWO9A2ICP', 1995, 46.7085, -2.25313, 5, 1),
(92, '52OS8FD5UCTC', 2014, 45.2677, 0.748803, 5, 1),
(93, '227Y03UR3Q8G', 2011, 45.4063, 3.91366, 4, 5),
(94, '3CCAAXAGH1BM', 2005, 47.3744, 2.89101, 4, 5),
(95, 'SJ1OM1713Y4', 1998, 49.2288, 0.634891, 1, 4),
(96, '4IQSEH5O7OWL', 2001, 46.2074, -0.712651, 5, 1),
(97, '2EU801W3YKJ', 2016, 44.1222, 1.0055, 4, 5),
(98, '35IF97RO5M93', 1998, 48.8034, -2.13559, 1, 2),
(99, '4D5BPDRO9QD0', 2015, 50.0119, -0.891241, 4, 5),
(100, '6YDNA4H8JWX', 2019, 46.3288, 2.40018, 1, 5),
(101, '4GC221S02UMP', 2020, 47.5125, -1.12035, 3, 5),
(102, '4NDK2S7W84AC', 1995, 45.7915, 2.23657, 2, 3),
(103, '3B7PQ1M0WNWX', 1990, 44.9882, 1.95174, 4, 3),
(104, '2I0OUJ6SCSCP', 2011, 43.7002, 3.77292, 5, 1),
(105, '3B848K03H3PX', 1998, 47.3483, -1.07496, 5, 3),
(106, '40VLWMQD7FMH', 1998, 44.706, 2.08999, 2, 4),
(107, '3D469DJBXPLY', 2010, 46.4674, 1.83729, 1, 1),
(108, 'T4TCYAD07JZ', 2010, 48.9052, -3.15556, 1, 5),
(109, '1BE3J3QXLXB4', 2006, 49.7505, 6.30795, 4, 5),
(110, '4GK9E5TOOI4F', 2013, 46.4224, -1.19093, 2, 3),
(111, '4KSZC36ZXAFC', 2000, 45.4102, 4.60416, 4, 2),
(112, '4JSOZA938LDP', 1996, 47.8639, 4.24338, 4, 5),
(113, '3XANS14AZPJX', 2021, 50.0869, 4.29466, 3, 1),
(114, 'ORQP280YPUU', 2003, 47.7339, -2.91748, 5, 1),
(115, '4IGSJ1FQRCPO', 2006, 45.0122, -3.19798, 3, 3),
(116, '3QW1L3M1NPQF', 1992, 45.8941, 6.21983, 2, 2),
(117, '3A3F20EGWROU', 2015, 45.8601, 2.92573, 2, 4),
(118, '4D38FEAYD90W', 1991, 43.1331, -0.705722, 3, 1),
(119, '2R3GRUMNNMO3', 2007, 44.1899, 0.988943, 2, 4),
(120, '3B5BFPJ56ME6', 2012, 49.893, 0.952591, 3, 3),
(121, '1CEM0ZUCXSFZ', 2012, 49.3312, -2.1463, 4, 4),
(122, '38MOI3NTS3PU', 2020, 44.1847, -1.99525, 4, 1),
(123, '2ONHMD1EJQSO', 2014, 45.8517, 4.54642, 4, 5),
(124, 'TFMG3QAXQXL', 2018, 42.9749, 2.12485, 3, 5),
(125, '4FI1PLGMLZQ2', 1993, 44.7228, -2.37868, 4, 2),
(126, '5TU06D515ZV3', 2011, 46.0556, -1.51352, 4, 5),
(127, '3S0VYPT3GQ1U', 1991, 44.5843, -1.17366, 3, 2),
(128, '4GODLVJPYRN9', 2004, 43.1795, -3.06411, 4, 5),
(129, '59CGSMVJH1GU', 2007, 43.1792, 4.20475, 2, 3),
(130, '5TMCORI8QHC4', 2018, 47.4844, 0.40931, 4, 3),
(131, '2S7M5I8QL2BP', 2005, 49.3253, 5.05652, 5, 2),
(132, 'MR0OSCIPXDW', 1994, 44.6296, 6.29936, 2, 5),
(133, '2HRES20L1UN8', 1997, 49.4143, 3.27634, 1, 5),
(134, '34K1OX0S9FIL', 2012, 42.5561, 5.63182, 5, 3),
(135, '3YKC9KR78QJ7', 1997, 43.5775, 6.2712, 4, 4),
(136, '70ZPCQH25Y0', 2007, 46.9397, -2.26856, 3, 3),
(137, '52MOKKM59HHL', 2000, 44.0032, 5.81325, 4, 3),
(138, '3YQW6MSNF9OE', 1991, 43.3742, 1.09035, 5, 3),
(139, '1YZEJJ1T8XNB', 1994, 47.3393, 3.04124, 3, 5),
(140, '35GETXMNCD7E', 1991, 46.8319, 3.03895, 5, 4),
(141, '5SUECZL9015S', 2012, 48.2091, 0.462355, 5, 2),
(142, '5RFEDBW0RPC4', 2020, 50.3628, -3.41167, 2, 1),
(143, '1ZTQ82QAZY3N', 2012, 46.7355, 1.62981, 4, 5),
(144, '34HYPSIR5G84', 2002, 46.0666, -3.04202, 4, 2),
(145, '1YZWJ27EOLQN', 1992, 45.5238, 3.04711, 3, 4),
(146, '4E543F3ZXCXD', 2011, 44.3169, -2.3486, 2, 2),
(147, '19BTMM3KH2XM', 2011, 48.2708, 2.46865, 1, 3),
(148, '4L7LWN63C1Y4', 1993, 43.9898, 2.65691, 1, 5),
(149, '3WBGF7LZF1JT', 1993, 47.0192, 1.56504, 5, 4),
(150, 'T78BL5CMLO8', 2010, 48.3947, 4.01155, 1, 4),
(151, '3F7O7O4W9HS', 1992, 43.7443, 2.78186, 1, 3),
(152, '37OA17MKUPG9', 2000, 50.0439, 4.35884, 3, 1),
(153, '3CC51Q8OGE6U', 2001, 42.587, -3.43614, 5, 4),
(154, '3EIZUWO2XOU0', 1991, 46.0594, -2.68385, 2, 1),
(155, '5783L0BBI8XK', 2011, 48.7012, 4.89611, 4, 4),
(156, '548FGPLK9SZC', 2005, 49.3634, 4.9661, 3, 5),
(157, '22855I1RWFZM', 2017, 44.8977, 5.11314, 1, 3),
(158, 'UDALV2BXCJC', 2002, 46.3296, -1.53954, 1, 3),
(159, '5W3671TVJEZE', 1998, 44.4544, 1.31089, 5, 4),
(160, '3D7SU3QWT2H8', 2007, 50.3665, -0.74634, 5, 5),
(161, 'PS83LNLUVXK', 2010, 48.7453, 6.49812, 4, 2),
(162, '3D2CZ9285I7G', 2006, 48.6684, -0.0430079, 2, 2),
(163, '20ZS1SNM7F2L', 2002, 49.3843, -1.99477, 2, 5),
(164, '53WBKAH2Z29C', 2015, 46.435, -3.03216, 5, 2),
(165, '3SP7H5YJ8I3X', 2006, 47.9636, 5.37409, 4, 3),
(166, '5M4APMAGB8EF', 1993, 48.148, -0.791202, 4, 3),
(167, '1CEC1AEUE00L', 2013, 42.5692, 4.66703, 3, 3),
(168, '1XJ1HB3TSDGX', 2010, 44.7946, 1.33281, 2, 2),
(169, 'E8FCU2D02A', 2007, 48.1901, 5.66708, 4, 3),
(170, '2QRE56370ORS', 2000, 43.1812, 1.54789, 5, 4),
(171, '3UBKEGSHE6AI', 1996, 50.4643, 0.788635, 4, 3),
(172, '2JVMWV3J4CU3', 1994, 46.0183, 4.28136, 5, 2),
(173, '3LS9DN0CHPS', 1991, 43.0347, -1.18451, 5, 2),
(174, '1FRP297T7RU5', 1991, 44.9188, 1.04411, 5, 3),
(175, '4GLFG160QE9W', 1991, 50.0864, 2.95889, 1, 5),
(176, '1AOT0IKCMPA', 2014, 48.6062, 1.84429, 1, 4),
(177, '4Z9306ELK4RE', 2002, 46.5187, 0.199551, 4, 4),
(178, '3ECRW97CHAIP', 1999, 47.788, 0.879492, 2, 1),
(179, '3X8G98GJH33N', 1991, 43.2644, 0.792317, 1, 2),
(180, '3C234ETGH6AC', 2005, 47.9026, 5.88828, 1, 4),
(181, '2K3ARUAG2AL8', 2001, 46.1852, -0.865618, 3, 5),
(182, '5Q7M6ERF694C', 2006, 48.6059, -0.868547, 4, 1),
(183, '51UAXALHHRT4', 2011, 49.1932, -1.56633, 2, 3),
(184, '4G7Q5PBUN4O0', 2003, 49.5019, -2.13706, 3, 1),
(185, '1YXHQJK3DI5G', 2001, 48.1231, 1.36821, 2, 2),
(186, '1HY1VFJPVR3G', 2020, 50.2001, 5.75416, 5, 4),
(187, 'AHQOHT7ILB6', 2004, 49.7808, -1.21388, 4, 4),
(188, '3VO7EEIAPJN', 2002, 48.5189, 2.89169, 5, 3),
(189, '3EKF3RNNZ78C', 2008, 43.6059, 5.81373, 3, 1),
(190, '1H64UPD13UNZ', 2017, 46.1902, 3.76544, 3, 2),
(191, '1A3TLMMTHHOQ', 2009, 45.7072, -1.69821, 2, 5),
(192, 'UNHL5QTILLB', 2019, 43.6135, 5.42988, 5, 1),
(193, '5O2ZY2IJ5B7E', 2006, 48.489, -1.18808, 1, 4),
(194, '548MDJI3RAO0', 2021, 45.9223, -1.96336, 2, 3),
(195, '5RS6T60P2XDI', 1992, 46.1347, -2.78664, 5, 5),
(196, '59KOQ9P9YCM7', 1994, 42.79, 3.99011, 2, 4),
(197, '5P4ZKO4B2MHO', 1999, 48.0679, 2.33993, 2, 2),
(198, '3U9RX1MWD1RK', 2013, 48.2456, 0.599127, 1, 5),
(199, '3X9QPLZ0D9HP', 1993, 45.9855, 5.75371, 1, 5),
(200, '35I5I1BEG0LC', 1996, 45.2261, -1.80631, 2, 4),
(201, '546QHXSWX57V', 1993, 50.251, 1.85989, 4, 4),
(202, '1XH24CM9G2L1', 2003, 43.1415, -1.7425, 2, 4),
(203, '4KSW5HQKHFYE', 1997, 49.0966, 0.880889, 4, 4),
(204, 'OVOML1XJS61', 2010, 49.3193, -0.232613, 5, 1),
(205, '3ZLBF72ZKYRO', 1991, 43.3099, 0.643761, 5, 5),
(206, '5NWYHUPYESIL', 1995, 42.7274, 3.1766, 1, 5),
(207, '5V0YVGDJFUQ1', 2004, 44.5732, 6.12387, 5, 1),
(208, 'VJU1TLLIL21', 1992, 49.2293, 6.20755, 1, 4),
(209, '3QMNSQRKV7VI', 1995, 50.3704, 0.916911, 4, 3),
(210, '3T0TA2HSKXK4', 2009, 44.1205, -1.86248, 1, 3),
(211, 'P3YMCY87ETW', 2010, 48.8622, -2.82235, 1, 4),
(212, '3RK8OH585V72', 1992, 46.0132, -3.16129, 5, 2),
(213, '2375C4TYMZJT', 1995, 48.2293, -2.70266, 4, 2),
(214, 'TESPVW6Y5V5', 2011, 49.5355, 0.223035, 1, 5),
(215, '3EES6V41VF1J', 1997, 45.0981, 6.06776, 4, 2),
(216, '34B6UZBLZNI8', 2013, 43.8045, 2.58363, 2, 3),
(217, '5VZG230LUFN4', 1990, 42.9643, -0.854422, 1, 1),
(218, '4ZH1FHG5L8TE', 2003, 48.0136, -1.64868, 1, 3),
(219, '74BB6QOW2BL', 2011, 43.5211, 2.90596, 2, 2),
(220, '3E6ADC5W4MRH', 2016, 45.6227, 1.03302, 3, 1),
(221, '4K0G6Y2AUQ27', 2002, 46.9688, 3.25402, 2, 4),
(222, 'NPMM1JHKZH6', 1993, 43.3809, -0.700945, 2, 1),
(223, '5UWJ57TVDISZ', 2003, 43.6723, 1.21237, 2, 3),
(224, '4KP2Q4V7VEAK', 1998, 50.2285, -2.86204, 5, 3),
(225, '4KVEOEH1L93I', 2004, 49.4775, -3.05094, 2, 1),
(226, '3W1VE62YG7CC', 2000, 48.3634, 3.03942, 4, 1),
(227, '2OF3389NUTD5', 1994, 44.1244, 3.12518, 4, 4),
(228, '4GLKPL6EVEOU', 2015, 49.6211, 6.39656, 4, 4),
(229, '8CZ9KYDYEP5', 2019, 45.6211, -1.76534, 3, 5),
(230, 'TNGJ5SC2JBH', 2004, 47.9498, -2.5806, 1, 1),
(231, '1VA2QERCJG7S', 1997, 43.9354, -1.02727, 2, 5),
(232, '3B9Y1IUE4CBG', 1993, 48.3539, 0.441374, 1, 3),
(233, '5MRZWR5LXZAZ', 2014, 43.0233, -3.00414, 1, 5),
(234, '22CD6QAJHB0Y', 2007, 46.9927, -1.40394, 1, 2),
(235, '21YG4R7B5CBK', 1990, 49.9216, 2.82765, 5, 2),
(236, '52W5QD8O34QL', 2015, 46.9715, 0.0596269, 3, 1),
(237, '1DRJCWWUU35M', 2002, 43.5388, 1.73375, 3, 4),
(238, '1J2PE3XV1AG4', 2009, 43.8994, -3.08612, 5, 4),
(239, '8AR14OANOV8', 1991, 50.421, 4.65631, 5, 2),
(240, 'Q8L9NTX4XAU', 2009, 47.6886, 0.537085, 4, 1),
(241, '3W9FSU2FVOH7', 2010, 44.5811, 0.173338, 5, 1),
(242, '1CN2PB51UNKZ', 1993, 49.1099, 4.55745, 5, 3),
(243, '58NXL3XY7UPF', 2014, 43.5748, 0.423453, 5, 4),
(244, '53WUSQJJLR5N', 2018, 50.0148, -3.3533, 2, 2),
(245, '5RM5KQLKTTUL', 2009, 44.4677, 0.098328, 3, 1),
(246, '1WSMM4Z8ZDGB', 2018, 47.5392, 0.485831, 2, 1),
(247, '5SI2T3NZQ3E7', 2002, 42.5431, 5.4121, 3, 3),
(248, '39PANVJV82GW', 2020, 43.3967, 3.50365, 1, 5),
(249, '4E71FAQYYNW5', 2015, 49.4179, 5.69038, 4, 1),
(250, '1GZYMVN0ZBTD', 2012, 48.7089, 3.67511, 4, 2),
(251, '345MI6MAHMWU', 2012, 43.3461, 0.108651, 3, 3),
(252, '1A4KGMDK0TZ7', 2010, 47.0782, 5.8284, 5, 4),
(253, '5W10O5QTS9RW', 2002, 42.7342, 5.87102, 1, 3),
(254, '5VSRRS398JRY', 2015, 42.979, 5.29216, 3, 1),
(255, '3U4T83M0LW8O', 1993, 46.7874, 0.631815, 4, 2),
(256, '1A5QLEPZAYT5', 1999, 49.0919, -1.09864, 3, 4),
(257, '53T0WN3AY2TK', 2003, 47.3398, 3.96669, 3, 3),
(258, '25TB6R1PB9S1', 2020, 47.5151, -1.10558, 2, 5),
(259, '4M7AYIA92O6X', 2000, 44.4255, -1.08033, 3, 3),
(260, '2ITFDPN2ZMA3', 2006, 45.7004, 0.692963, 1, 5),
(261, 'VK0QHO89N0Z', 2003, 46.4786, -0.924165, 5, 5),
(262, '3S0KK51C45JD', 2005, 46.4616, -2.84247, 2, 2),
(263, '3A0Z20LAW3JQ', 1995, 43.6115, -1.41545, 1, 5),
(264, '3HVN6YDXXN8', 2014, 48.5905, 1.40545, 1, 1),
(265, '3NDSJG30H72', 1999, 45.1939, 4.68094, 2, 1),
(266, '5W2UXTZW7LX2', 2021, 50.1408, 4.59197, 1, 1),
(267, '3SWOF9WOLNS3', 1991, 44.5725, -1.33857, 1, 1),
(268, '5R9UDDVK79PI', 2002, 43.0926, -1.35239, 3, 5),
(269, '5V12G2WZL3BM', 1991, 44.1339, 5.70626, 4, 2),
(270, '1ZZH3BVOW4I5', 2014, 48.6058, 1.86764, 1, 4),
(271, '2LG50G1JMANL', 1992, 50.2532, 3.24798, 1, 3),
(272, '5698VVKHDFO3', 2008, 45.1325, 5.40395, 4, 5),
(273, '3YQDTGNJ0QWU', 2004, 44.4138, 4.81701, 2, 3),
(274, '553D9Y1BXZFN', 1991, 46.7237, 2.34553, 1, 5),
(275, '1BI8HK2TQLM0', 2007, 43.36, 5.12219, 2, 4),
(276, '3ZUHRCXGCCKV', 2016, 43.0331, 5.04769, 5, 1),
(277, '4F3LX12SZZPU', 2015, 48.9501, 3.00384, 1, 2),
(278, '24JELS5H614S', 1997, 50.0497, -2.939, 1, 3),
(279, '4DZ2BEQFIHZT', 2020, 48.0568, 2.2749, 4, 3),
(280, '58I9U9SL9VCR', 2008, 44.1804, -0.198952, 4, 1),
(281, 'P00CZSOQ3OE', 2014, 45.9214, 5.03767, 5, 4),
(282, 'QY303S1JH40', 2014, 46.0332, 5.39207, 1, 5),
(283, '2168A84RJTV1', 1994, 46.4859, -1.99704, 3, 5),
(284, '4E0PAM2KB10H', 1993, 45.6423, 2.98326, 2, 1),
(285, '1FYA80WAZL2E', 2005, 47.2866, 2.00278, 1, 2),
(286, '3WEDUBCC6OYC', 2014, 49.581, -2.37956, 3, 5),
(287, '1YZAKPDGN4MG', 2017, 44.7533, 4.8207, 3, 4),
(288, '38MRLUPJW2CQ', 2016, 46.414, 6.26445, 5, 2),
(289, '3BW8ZJ3G9J03', 2017, 48.0275, 4.62531, 5, 5),
(290, '5LSBO7P2AU62', 1995, 42.8037, 3.92049, 5, 5),
(291, '5P0SNA104UZU', 2007, 50.4369, -0.59249, 5, 3),
(292, '3WFX8NESWD04', 1997, 43.5907, -3.3361, 1, 2),
(293, 'WU4F0B32NP7', 2013, 43.731, 1.73446, 3, 1),
(294, '5SG6PPR4Q1DT', 2005, 47.1971, 1.02411, 1, 2),
(295, '5P4MKA2DR8K9', 2002, 43.7468, 2.57951, 1, 2),
(296, '8AGPQPD7YL3', 2004, 42.6607, 3.97917, 4, 2),
(297, 'TMS72LP992M', 2013, 44.4306, 6.07485, 2, 3),
(298, '3ZISJSGGRM38', 2020, 48.8494, -2.86191, 4, 5),
(299, '341LBB5KOVLY', 2018, 50.0326, -3.07996, 2, 1),
(300, '2IVDSCO0HF18', 2019, 45.4355, -2.78162, 4, 2),
(301, '51RTNGAWQH82', 2019, 44.3955, 0.07179, 5, 1),
(302, '40X4CFO4EGCH', 1994, 47.3284, 2.5039, 1, 5),
(303, 'THF2BWVERJT', 2002, 45.8897, 6.14222, 4, 5),
(304, '36Q3ICKTHIQE', 2007, 43.2993, 5.38796, 4, 4),
(305, '358D0D2YHEOW', 2011, 49.0729, -2.56415, 5, 1),
(306, '35NT4DYTGN5H', 1993, 50.1429, 1.18867, 4, 1),
(307, '3ZITMZUWXQ75', 1995, 48.5649, -0.427379, 1, 3),
(308, '3YOVY5U9AL69', 1994, 47.7046, 4.92521, 3, 3),
(309, '1CIJDR8OS5J5', 1990, 45.1694, 2.92973, 3, 3),
(310, 'WTT8VLJ7KF6', 2013, 43.9369, 2.87262, 2, 5),
(311, '24CKVI22089Z', 2007, 46.623, 6.28127, 1, 5),
(312, '5VY5K5BOSR5', 2014, 48.7378, 1.81371, 1, 3),
(313, 'WU4GW0SCMQF', 2004, 48.2813, -1.239, 2, 2),
(314, '4HNRWA5EBWHS', 1992, 43.151, -1.3486, 5, 3),
(315, '92WVU5IQSVS', 1991, 50.3908, 4.41858, 3, 1),
(316, '4KGICM59UX', 2011, 44.9244, 1.78796, 4, 2),
(317, '37MOHAOGGZ04', 2019, 42.7055, 0.00832484, 2, 4),
(318, '4KR36FO2A1A8', 2000, 45.0365, 2.56453, 4, 1),
(319, '1FLCB3KVG5G8', 1991, 45.6463, 5.1046, 2, 2),
(320, '7YZZCZMQSPP', 1998, 42.9892, 1.88224, 1, 3),
(321, '2HSV0IM96O3N', 2000, 46.0124, -1.44257, 4, 4),
(322, '5V0UNT5N0LE7', 2012, 46.7362, 2.0229, 2, 1),
(323, '4FD2OSIXP4K7', 2011, 44.2531, -2.90835, 1, 2),
(324, '3DI6VR2UJ0MD', 2015, 45.1629, -1.46196, 5, 1),
(325, '1H2RPK6U81C', 2008, 48.6876, -1.76831, 3, 2),
(326, '5W18BXVWT309', 2002, 49.9899, 1.77313, 1, 3),
(327, '3EGYWJUG6YIE', 1994, 48.7674, 2.22806, 5, 4),
(328, 'VDHWAI1ETCY', 2016, 47.97, 5.34033, 2, 2),
(329, '3ZUQBE0ZMXJE', 1998, 44.7191, 2.31589, 5, 1),
(330, '950EQ1H63Y3', 2001, 46.1603, -0.868111, 2, 4),
(331, '1GRL7I9GWAUZ', 1992, 46.812, 1.31996, 4, 3),
(332, '5V4Z029XX580', 2008, 50.3592, -2.08795, 2, 5),
(333, '5N6QKUJGJFDE', 1999, 48.0312, 2.40199, 5, 4),
(334, '2MKVLSCXPQWC', 2018, 43.8001, -2.4311, 4, 1),
(335, '53X1HB6PZVBE', 1995, 44.6286, 5.01996, 4, 5),
(336, '5QGZQKO1RNAY', 2011, 46.6983, 2.56223, 1, 5),
(337, '1B4GOHVYMDWT', 2011, 47.7885, -0.40196, 5, 5),
(338, '40UT8MMGGRJX', 2004, 43.9489, 1.93953, 1, 5),
(339, '2QZVQFUIBFU1', 1999, 50.0491, 5.24185, 5, 2),
(340, '3XOR7LKGEMZ9', 1991, 44.0622, 5.03323, 5, 3),
(341, '2K3Y5QP19J7R', 2017, 43.1888, 4.64212, 4, 5),
(342, '1HVY0E1AA7PP', 2007, 49.8958, 6.09974, 3, 1),
(343, '5OB2TRVXWGXZ', 2009, 44.6545, 1.64945, 2, 3),
(344, '53QSAC2AO8GK', 2015, 47.1788, 1.10333, 3, 3),
(345, '5RTQ5JMAU1L', 2018, 45.1395, 6.06049, 2, 3),
(346, '4NC85ZHLGF2W', 1993, 43.1823, -2.10805, 2, 5),
(347, 'AHBQ3559QCH', 2007, 45.8894, 1.39122, 1, 1),
(348, '59CRGQZ1QL71', 2021, 44.5315, -0.3625, 4, 3),
(349, '2KC71S3IGS2X', 2019, 45.5957, -2.19453, 2, 2),
(350, '1DR0VGRCBK75', 1994, 50.2837, 0.840014, 2, 5),
(351, '8YULB9XLFEU', 1996, 48.7088, -0.795291, 2, 1),
(352, '2L9RLW10OI6D', 2011, 42.8816, -1.23564, 5, 4),
(353, '50TFXMO808VK', 2016, 48.54, -1.00544, 5, 2),
(354, '19CBEXBVR360', 1999, 49.6908, 2.27014, 2, 1),
(355, '5UWARD34QC6E', 1990, 42.938, -0.821534, 4, 2),
(356, '1WIOD7HSODAX', 2013, 48.8054, 3.53717, 4, 1),
(357, '37WNUL4HWXD1', 2021, 45.1299, 3.25398, 1, 5),
(358, 'PRNNBYYD3P0', 1991, 48.335, 2.25076, 5, 5),
(359, '2NQAVDAK5TFH', 2017, 50.1902, -1.46704, 5, 2),
(360, '343JD83G2IRU', 2005, 49.7857, -2.45536, 4, 4),
(361, '59CFB1NNBL3N', 2011, 48.4753, 3.33459, 1, 1),
(362, '5QFRUDOOOZEA', 2010, 45.0307, 3.39434, 2, 5),
(363, '52SWV4V7K3QG', 2009, 46.8259, 5.28145, 3, 5),
(364, '1XH0NPFRKN5H', 1996, 42.5308, 0.900271, 1, 1),
(365, '39162QC019HV', 1992, 47.3239, 5.1382, 3, 3),
(366, '8BE45J6OR6K', 2007, 46.2391, 3.6436, 1, 3),
(367, '563LVI4RSIYO', 2000, 50.3888, 6.3598, 3, 4),
(368, '51U7GHM3HE81', 2005, 49.6333, -3.14415, 3, 2),
(369, '2QW1IIPRP088', 2009, 46.931, 6.12465, 1, 1),
(370, '2PQYVWH7YC16', 2015, 46.9143, 0.226918, 2, 4),
(371, '2OP74Z31DQCC', 2007, 44.6215, 3.76784, 5, 2),
(372, '24LD0PT62LEU', 2013, 46.4012, -1.02377, 1, 2),
(373, '52U3I6BTLAII', 2007, 44.6033, 3.05443, 5, 4),
(374, '4GK905ERKGP7', 2003, 49.2119, 6.15185, 1, 5),
(375, 'UNHFPCOAKOP', 2009, 46.5309, 3.47546, 5, 3),
(376, '4KPG5A53P0J9', 2006, 45.0763, -3.2052, 2, 1),
(377, '1BEXSZ0PT37V', 1992, 46.9957, 3.14106, 1, 3),
(378, '4ZVLGP3JWHL', 2020, 48.5622, 4.95263, 2, 2),
(379, '1WUFQEKQS7M6', 2001, 48.8148, 5.4874, 2, 1),
(380, '1WEY2O6IJZGO', 2009, 43.83, 6.20309, 1, 3),
(381, 'OO3G5OB2ANC', 2002, 47.549, 6.09464, 4, 5),
(382, '4KR9V8P14IX3', 2003, 49.3538, 6.30636, 3, 1),
(383, '5VQZDO5PNGCL', 2004, 44.7457, -2.97774, 4, 4),
(384, '23EVT1FKT5MR', 2009, 50.4182, -2.72913, 4, 5),
(385, '4M9QUEEXRUG8', 2007, 45.7489, 0.172782, 1, 3),
(386, '1BAEU8MAZCZ', 1992, 44.8459, -0.847718, 5, 2),
(387, '5M2DYPP8M7W6', 2019, 50.3138, -2.86315, 3, 1),
(388, '4K2YHZB2175X', 2013, 45.8228, 4.92465, 2, 5),
(389, '4Z91DBQU4Q8Z', 1993, 43.028, -2.99793, 2, 1),
(390, '1A2J06L296ZW', 1998, 47.909, 2.4163, 4, 4),
(391, '3ATAGT5QK7MV', 2001, 42.7899, -2.00707, 5, 5),
(392, '4FBR69F9W3HK', 1995, 47.9232, 5.28267, 5, 4),
(393, '5SM8OAW5H39F', 2013, 48.3808, 1.48025, 5, 4),
(394, '4YARW8O0A78', 2016, 43.0851, 4.83823, 4, 4),
(395, '2OOP7OHVQ6T3', 1994, 44.4826, 5.0127, 4, 2),
(396, '5QDAJVRB7X5G', 1995, 50.3547, 0.701586, 3, 4),
(397, '3W1RPWMHIQF', 2001, 47.5237, -2.58807, 4, 3),
(398, '58G97531YUW4', 2010, 47.6638, -1.02173, 5, 5),
(399, '1ZTCLPIKYSCR', 2012, 46.5159, 0.427956, 1, 2),
(400, '34FTG37ZUVR7', 2015, 46.9425, -0.203263, 4, 4),
(401, '1YLNH3XTS9S7', 2021, 42.5021, -3.44292, 2, 1),
(402, '1HSEO0XP19GX', 2014, 50.4396, 3.11817, 5, 5),
(403, '2IX6E2FPBIQ2', 2019, 45.9741, 0.167181, 4, 3),
(404, '5MYGCUWCKFTT', 2015, 44.6576, 5.92316, 5, 4),
(405, '3QWC9MVNO8MZ', 1990, 44.3607, -2.21925, 2, 5),
(406, '4CYD2LHKIQJA', 2010, 43.3883, 2.74927, 3, 3),
(407, '3TVBUN52DVM5', 2019, 48.5538, 6.42672, 2, 4),
(408, '1HYJPZDELXCN', 2021, 43.5638, 3.24536, 4, 5),
(409, '3V139NDZ8ZO0', 2007, 48.9323, 0.320445, 2, 4),
(410, '4F5BX71FLSE2', 2019, 47.2031, -2.61737, 5, 5),
(411, '7Z9OLESNKT6', 1990, 49.1824, -2.05932, 4, 1),
(412, '520K5TL19EQU', 2010, 48.3275, 3.61486, 2, 1),
(413, '5LVX9VRK2KI8', 1993, 48.3912, 0.62426, 1, 2),
(414, '1J16NFJ76N9G', 2010, 44.6801, 1.21739, 2, 4),
(415, '1ACLWP4TN1R4', 2006, 50.1605, -1.29013, 3, 5),
(416, '4NE5Z586CGWK', 1994, 43.8921, 1.77907, 1, 2),
(417, 'SAL00OZU8JK', 1999, 49.8791, 4.29012, 4, 1),
(418, '34BVPGTUKZ2B', 2015, 47.0043, 0.170984, 2, 1),
(419, 'VU44251714N', 1997, 47.0513, -1.8649, 4, 2),
(420, '54368095CVO8', 2012, 42.7395, -3.42548, 5, 5),
(421, '205G5RCABMYK', 2010, 43.7259, 4.97521, 2, 2),
(422, '5N2ATP1YVGMY', 1991, 46.134, -1.98929, 5, 4),
(423, '4ZPECLUFMLWB', 2007, 45.0909, 6.19926, 4, 4),
(424, 'SGQVOA6Y0RX', 1993, 42.5107, 3.708, 5, 3),
(425, 'R0A56O4VHZ0', 2009, 47.7025, 0.551991, 2, 1),
(426, '57K07T0FCF1B', 2000, 49.6897, 2.22781, 3, 3),
(427, '59IKPPCJ6VMV', 2002, 45.128, 0.869198, 1, 4),
(428, 'UL8FYER4QYE', 2010, 48.3338, 3.41412, 3, 5),
(429, '555A3WLZ3K1Q', 2010, 47.6551, -0.547659, 4, 4),
(430, '4KVLDJL9HO9X', 2000, 44.8806, 1.66278, 3, 4),
(431, '5N4MBG1G9J43', 1996, 44.1767, 1.2219, 4, 3),
(432, '534ABV34T0R8', 1996, 46.6072, 5.9836, 1, 2),
(433, '3D22H1K0D7KJ', 2020, 42.682, -0.962975, 1, 1),
(434, '20TTC6STZMAY', 1991, 43.8522, 3.63151, 1, 1),
(435, '5MRW3T7SRZI0', 2009, 45.2305, 5.13726, 2, 1),
(436, '9CZG0QP9VAD', 2007, 46.7149, 6.11148, 2, 5),
(437, 'NTJH4O7OTQE', 2000, 44.967, 1.98922, 2, 2),
(438, '4M782JDU88OT', 2014, 47.0953, 1.60474, 3, 4),
(439, '4ZPOA9T0LW3H', 2014, 46.2986, -3.16262, 4, 4),
(440, '2I0SWVSEB4ZZ', 2000, 45.3518, 4.85468, 3, 5),
(441, '1GVQMFSM98WN', 1993, 47.4766, 4.9364, 5, 3),
(442, '1VQMLI649I59', 2004, 45.1464, -0.518741, 1, 3),
(443, '3UXQDP9XK9OR', 1997, 44.6105, 2.57496, 5, 1),
(444, '2MKR4AY3Z26Q', 2004, 49.4077, 6.41326, 1, 3),
(445, 'BAGMDNWAF', 2016, 43.4663, -2.19128, 2, 2),
(446, '2J9RL48P7Y8J', 2000, 45.7559, -3.14941, 2, 5),
(447, '5QH3JPPW786L', 2003, 44.3979, 5.90778, 5, 2),
(448, '8ZKJZ8KX8P6', 2001, 46.3472, 0.202933, 5, 4),
(449, '549CCADAZ12Z', 1997, 46.8103, -3.09268, 3, 4),
(450, '1A1XDYSWW590', 1996, 44.7409, 5.00234, 5, 3),
(451, 'WI7SJIYVCC4', 2014, 44.7081, -2.787, 3, 2),
(452, '3V745NUM8UFF', 2001, 49.3771, -1.28604, 5, 3),
(453, 'AK25MAU6YFN', 2000, 45.2492, 3.83895, 1, 3),
(454, '1JCGSZLO1RI9', 2012, 47.3483, 5.79879, 5, 3),
(455, 'VHN2BGQVVPK', 2007, 44.6803, 3.20886, 3, 5),
(456, '4E5N7FBSW1MC', 2013, 47.125, 3.08621, 1, 3),
(457, '4ZBVZHI10QDV', 2006, 43.6691, -1.50517, 2, 2),
(458, 'T70TEN8ZPU3', 1994, 43.984, 1.75675, 5, 1),
(459, '25HL9TB4PWE1', 2009, 49.2918, 0.76779, 4, 5),
(460, '4DYUXA07FU0D', 2015, 49.4345, 5.85598, 2, 5),
(461, '1GVQESMBEIYK', 2002, 43.7188, 2.26911, 3, 2),
(462, '5N2P1B58X48L', 1993, 47.8531, -2.54155, 2, 2),
(463, '1GPS9IOAZCKJ', 1993, 48.5052, 0.646555, 5, 4),
(464, 'A9RC3YUQZ42', 2011, 42.7335, -1.90338, 4, 2),
(465, '3ZGH7B0967YP', 2014, 48.8718, 3.28486, 3, 1),
(466, '1ZXYNB9NJYXT', 2002, 49.244, -2.61331, 4, 4),
(467, '57E240MN9VGW', 2011, 48.1761, 1.95503, 4, 2),
(468, '5PIT9DR2YF1Z', 1993, 48.0203, -2.04303, 5, 3),
(469, '3E6P28YY6YHF', 1995, 42.9825, 4.50424, 1, 3),
(470, 'R3KFLYZMF', 2019, 47.4992, -0.018971, 5, 4),
(471, '57JJ666KO728', 1990, 45.5215, 5.31072, 2, 5),
(472, '546P3QT1IS3I', 2008, 45.1406, 5.75377, 1, 3),
(473, '5SFVIIUE1JL8', 1995, 50.249, -0.184712, 4, 4),
(474, '4IQHCWMGB9WG', 1996, 48.3061, -3.1643, 4, 3),
(475, 'OZIDWLNPUQE', 2006, 43.5934, -1.75723, 1, 5),
(476, '4LZ2A12OF9NP', 1993, 43.8639, 1.90581, 4, 3),
(477, '4HY6DFQOFLT', 2010, 43.4486, 2.98581, 4, 5),
(478, '59EVI2X90IIF', 1993, 48.5198, 1.55358, 4, 5),
(479, '4HMH7G4U3ZEJ', 2008, 47.9601, 3.10632, 5, 1),
(480, '4FBHQ5G1MPQI', 1998, 42.8389, 1.32343, 1, 3),
(481, 'Q20Q4JUE3N9', 2013, 45.1206, 0.476744, 1, 1),
(482, '4ZL8YHNSNJTR', 2007, 45.4149, -1.98011, 1, 4),
(483, '20WGRL6K5NAF', 2004, 44.6768, 6.13678, 1, 1),
(484, '1945SKM1L1BL', 2016, 47.6865, 3.31985, 2, 3),
(485, '36G8XBY4F7VK', 2016, 47.722, 3.79822, 4, 3),
(486, '5TQHHXELC3AG', 2012, 47.7754, -2.02814, 4, 4),
(487, '4M9Y507U5YCZ', 1994, 44.9959, -1.97243, 2, 5),
(488, '3DA911EX16PS', 2016, 46.6234, -3.35949, 3, 5),
(489, '3X9YX4GXBGFB', 1998, 45.4736, -3.06651, 3, 1),
(490, '57HGY0WZVFZ8', 2012, 50.0315, 2.13528, 2, 4);

-- --------------------------------------------------------

--
-- Doublure de structure pour la vue `equipvue`
-- (Voir ci-dessous la vue réelle)
--
CREATE TABLE `equipvue` (
`Année de mise en service` int
,`categ` varchar(6)
,`Latitude` float
,`Longitude` float
,`Nom du fournisseur` varchar(50)
,`Numéro de série` varchar(20)
);

-- --------------------------------------------------------

--
-- Structure de la table `fournisseur`
--

CREATE TABLE `fournisseur` (
  `idFournisseur` int NOT NULL,
  `nom` varchar(50) NOT NULL
) ENGINE=InnoDB DEFAULT CHARSET=utf8mb4 COLLATE=utf8mb4_0900_ai_ci;

--
-- Déchargement des données de la table `fournisseur`
--

INSERT INTO `fournisseur` (`idFournisseur`, `nom`) VALUES
(1, 'free'),
(2, 'orange'),
(3, 'sfr'),
(4, 'bouygues'),
(5, 'ovh');

-- --------------------------------------------------------

--
-- Structure de la table `intervention`
--

CREATE TABLE `intervention` (
  `idIntervention` int NOT NULL,
  `dateDeDemarrage` date NOT NULL,
  `duree` int NOT NULL,
  `montantPieces` decimal(10,2) NOT NULL,
  `idEquipement` int NOT NULL,
  `idMotif` int NOT NULL
) ENGINE=InnoDB DEFAULT CHARSET=utf8mb4 COLLATE=utf8mb4_0900_ai_ci;

--
-- Déchargement des données de la table `intervention`
--

INSERT INTO `intervention` (`idIntervention`, `dateDeDemarrage`, `duree`, `montantPieces`, `idEquipement`, `idMotif`) VALUES
(1, '2020-12-31', 203, '942.18', 401, 2),
(2, '2021-11-05', 163, '0.00', 169, 6),
(3, '2021-05-21', 80, '840.45', 114, 1),
(4, '2021-06-04', 68, '1512.30', 205, 4),
(5, '2021-06-08', 124, '1647.18', 246, 5),
(6, '2021-02-10', 176, '0.00', 192, 4),
(7, '2021-01-21', 180, '0.00', 112, 4),
(8, '2021-04-29', 130, '1509.46', 195, 5),
(9, '2021-02-07', 57, '0.00', 221, 2),
(10, '2021-08-06', 113, '0.00', 42, 1),
(11, '2020-12-23', 120, '937.79', 425, 6),
(12, '2021-02-15', 67, '404.10', 18, 1),
(13, '2020-12-19', 120, '624.98', 104, 7),
(14, '2021-11-03', 109, '780.42', 385, 4),
(15, '2021-09-18', 218, '1855.84', 68, 5),
(16, '2021-06-05', 69, '1878.49', 243, 2),
(17, '2021-05-15', 147, '0.00', 53, 6),
(18, '2021-08-23', 144, '328.52', 344, 6),
(19, '2021-06-02', 141, '0.00', 208, 7),
(20, '2020-12-16', 77, '0.00', 156, 5),
(21, '2021-03-23', 235, '503.76', 222, 4),
(22, '2021-11-06', 142, '1984.53', 256, 2),
(23, '2021-10-21', 103, '437.15', 131, 2),
(24, '2021-06-12', 58, '0.00', 358, 1),
(25, '2021-10-11', 84, '1567.64', 55, 1),
(26, '2021-03-17', 183, '1108.29', 220, 1),
(27, '2020-12-17', 144, '1433.96', 219, 5),
(28, '2021-04-22', 124, '1659.68', 194, 5),
(29, '2021-10-01', 189, '782.16', 290, 2),
(30, '2021-10-09', 201, '1957.17', 190, 4),
(31, '2021-03-16', 233, '1484.92', 33, 4),
(32, '2021-08-18', 164, '1911.35', 336, 5),
(33, '2021-09-20', 185, '0.00', 54, 7),
(34, '2020-12-27', 170, '1771.55', 434, 4),
(35, '2021-04-01', 226, '1404.32', 248, 7),
(36, '2021-07-20', 153, '1224.45', 396, 4),
(37, '2021-01-28', 173, '1103.83', 405, 6),
(38, '2021-02-15', 70, '1022.07', 372, 4),
(39, '2021-06-07', 223, '0.00', 267, 2),
(40, '2021-08-18', 235, '0.00', 455, 6),
(41, '2021-01-28', 121, '163.66', 452, 3),
(42, '2021-02-13', 104, '1814.12', 82, 6),
(43, '2021-03-07', 185, '810.37', 478, 7),
(44, '2021-07-25', 99, '385.92', 174, 6),
(45, '2021-06-12', 187, '1268.78', 403, 4),
(46, '2021-10-31', 215, '0.00', 246, 4),
(47, '2021-06-07', 59, '0.00', 115, 6),
(48, '2021-03-25', 41, '0.00', 28, 5),
(49, '2020-12-19', 111, '0.00', 313, 6),
(50, '2021-09-25', 112, '221.34', 163, 4),
(51, '2021-09-14', 239, '1812.94', 277, 5),
(52, '2021-08-04', 204, '0.00', 335, 2),
(53, '2021-08-13', 138, '259.03', 464, 4),
(54, '2021-10-18', 102, '199.36', 222, 1),
(55, '2021-05-27', 177, '1769.03', 304, 6),
(56, '2021-03-31', 120, '0.00', 423, 2),
(57, '2021-07-07', 137, '806.91', 173, 4),
(58, '2021-06-09', 37, '1563.65', 362, 3),
(59, '2021-05-25', 143, '0.00', 469, 5),
(60, '2021-05-31', 137, '0.00', 55, 2),
(61, '2021-04-06', 35, '0.00', 162, 4),
(62, '2021-02-14', 118, '869.93', 271, 4),
(63, '2021-05-04', 201, '890.82', 84, 3),
(64, '2021-09-29', 37, '800.57', 190, 7),
(65, '2021-01-08', 197, '511.34', 361, 1),
(66, '2021-01-01', 135, '796.66', 79, 6),
(67, '2021-11-24', 226, '1007.89', 165, 7),
(68, '2021-08-31', 238, '0.00', 283, 1),
(69, '2021-01-07', 220, '1066.97', 183, 1),
(70, '2021-11-08', 87, '0.00', 361, 6),
(71, '2021-11-04', 200, '115.16', 440, 3),
(72, '2021-11-21', 66, '1308.07', 448, 6),
(73, '2021-08-18', 79, '117.51', 40, 7),
(74, '2021-02-07', 66, '1363.32', 201, 1),
(75, '2021-06-22', 202, '1273.20', 180, 5),
(76, '2021-01-16', 193, '0.00', 256, 1),
(77, '2021-02-14', 232, '893.29', 443, 7),
(78, '2021-10-21', 163, '956.06', 375, 5),
(79, '2021-10-03', 230, '1578.28', 203, 6),
(80, '2021-10-08', 177, '0.00', 332, 2),
(81, '2021-02-13', 221, '0.00', 17, 5),
(82, '2021-11-06', 67, '275.89', 46, 3),
(83, '2020-12-20', 234, '0.00', 3, 2),
(84, '2021-10-18', 203, '1282.44', 61, 3),
(85, '2021-04-06', 74, '0.00', 137, 7),
(86, '2021-06-16', 162, '329.24', 454, 1),
(87, '2021-08-12', 206, '323.40', 300, 5),
(88, '2021-06-26', 193, '1615.79', 471, 1),
(89, '2021-09-23', 213, '1287.57', 379, 2),
(90, '2021-07-05', 56, '1574.64', 439, 4),
(91, '2021-09-14', 38, '1730.72', 453, 7),
(92, '2021-09-28', 72, '234.88', 395, 7),
(93, '2021-04-11', 188, '291.67', 239, 3),
(94, '2021-11-06', 235, '1448.36', 55, 4),
(95, '2021-10-20', 155, '1366.59', 136, 1),
(96, '2021-08-04', 210, '432.66', 130, 5),
(97, '2021-02-17', 190, '290.91', 417, 3),
(98, '2021-05-27', 161, '426.83', 114, 6),
(99, '2020-12-01', 153, '1881.24', 169, 3),
(100, '2021-06-08', 150, '1073.28', 445, 1),
(101, '2021-05-09', 119, '1973.02', 424, 5),
(102, '2021-06-27', 93, '0.00', 421, 4),
(103, '2021-08-09', 203, '0.00', 490, 4),
(104, '2021-04-30', 160, '1995.51', 318, 4),
(105, '2021-02-22', 200, '812.54', 31, 7),
(106, '2020-12-03', 45, '1498.70', 61, 7),
(107, '2021-03-10', 180, '1816.17', 308, 4),
(108, '2021-03-10', 171, '0.00', 379, 1),
(109, '2021-02-10', 43, '819.70', 414, 5),
(110, '2021-03-23', 33, '0.00', 280, 1),
(111, '2021-09-25', 56, '0.00', 157, 4),
(112, '2021-11-20', 238, '1261.27', 246, 5),
(113, '2021-01-01', 201, '584.93', 482, 1),
(114, '2021-05-08', 31, '1528.07', 42, 6),
(115, '2021-08-19', 153, '0.00', 178, 2),
(116, '2021-04-21', 158, '0.00', 394, 1),
(117, '2021-05-04', 197, '0.00', 143, 1),
(118, '2021-10-28', 223, '331.60', 257, 2),
(119, '2020-12-26', 32, '0.00', 489, 7),
(120, '2021-08-11', 114, '0.00', 101, 3),
(121, '2021-10-30', 59, '1995.04', 168, 7),
(122, '2021-05-19', 70, '640.37', 328, 1),
(123, '2021-05-12', 205, '302.74', 423, 4),
(124, '2021-07-08', 117, '836.95', 128, 1),
(125, '2021-10-27', 63, '653.03', 126, 6),
(126, '2021-07-18', 151, '641.70', 469, 1),
(127, '2021-01-21', 109, '1026.07', 275, 5),
(128, '2020-12-16', 38, '1085.95', 426, 5),
(129, '2021-04-24', 61, '628.52', 329, 6),
(130, '2021-08-23', 140, '1302.88', 34, 7),
(131, '2021-06-22', 91, '0.00', 247, 6),
(132, '2021-07-29', 234, '1078.13', 78, 2),
(133, '2021-07-05', 158, '1013.30', 384, 6),
(134, '2021-11-22', 189, '1267.30', 429, 3),
(135, '2021-07-01', 139, '853.03', 225, 4),
(136, '2021-07-30', 96, '1991.71', 102, 4),
(137, '2020-12-17', 225, '394.12', 29, 1),
(138, '2021-06-26', 49, '0.00', 456, 3),
(139, '2021-01-24', 185, '0.00', 227, 2),
(140, '2021-06-29', 47, '0.00', 162, 5),
(141, '2021-06-09', 79, '309.54', 323, 2),
(142, '2021-05-04', 136, '1248.97', 429, 3),
(143, '2021-07-10', 81, '0.00', 66, 2),
(144, '2021-04-12', 214, '1835.21', 105, 6),
(145, '2021-07-20', 81, '0.00', 115, 5),
(146, '2021-04-06', 151, '130.01', 277, 7),
(147, '2021-09-28', 67, '1028.72', 93, 7),
(148, '2021-07-03', 162, '1702.71', 251, 7),
(149, '2021-07-05', 106, '1988.72', 411, 1),
(150, '2020-12-22', 204, '454.33', 219, 2),
(151, '2021-01-31', 185, '0.00', 74, 3),
(152, '2021-11-18', 131, '671.01', 225, 2),
(153, '2021-06-21', 215, '0.00', 89, 6),
(154, '2021-05-06', 83, '432.64', 41, 5),
(155, '2021-08-13', 118, '0.00', 208, 6),
(156, '2021-02-05', 142, '0.00', 312, 2),
(157, '2021-09-19', 225, '0.00', 433, 2),
(158, '2021-07-23', 84, '0.00', 365, 5),
(159, '2021-10-05', 186, '652.11', 202, 4),
(160, '2020-12-22', 195, '0.00', 71, 5),
(161, '2021-03-21', 84, '0.00', 37, 2),
(162, '2021-07-24', 171, '1412.10', 298, 3),
(163, '2021-04-30', 227, '1892.34', 28, 5),
(164, '2021-03-24', 84, '0.00', 64, 3),
(165, '2021-06-30', 62, '614.86', 226, 4),
(166, '2021-01-08', 45, '605.09', 381, 5),
(167, '2021-07-27', 194, '460.55', 251, 4),
(168, '2021-06-02', 110, '220.32', 371, 6),
(169, '2021-03-17', 212, '0.00', 170, 5),
(170, '2021-04-19', 85, '1205.51', 272, 7),
(171, '2021-03-19', 191, '1056.28', 431, 5),
(172, '2021-07-27', 165, '0.00', 74, 1),
(173, '2021-11-14', 84, '0.00', 490, 3),
(174, '2021-05-13', 121, '845.62', 150, 4),
(175, '2021-03-12', 238, '260.32', 45, 5),
(176, '2021-06-02', 72, '389.26', 70, 4),
(177, '2021-08-12', 119, '0.00', 393, 6),
(178, '2020-12-07', 149, '1502.14', 481, 1),
(179, '2021-02-16', 226, '1618.83', 201, 5),
(180, '2021-10-16', 205, '1387.03', 418, 4),
(181, '2021-05-17', 93, '1354.08', 256, 5),
(182, '2021-01-26', 97, '0.00', 435, 1),
(183, '2021-09-30', 89, '1738.09', 54, 4),
(184, '2021-07-26', 206, '0.00', 234, 7),
(185, '2021-05-03', 183, '1048.09', 244, 4),
(186, '2021-02-28', 62, '377.45', 427, 6),
(187, '2021-08-26', 212, '821.14', 419, 4),
(188, '2021-10-18', 106, '837.38', 312, 2),
(189, '2021-11-16', 104, '833.83', 488, 4),
(190, '2021-11-15', 94, '733.20', 4, 3),
(191, '2021-08-10', 65, '480.09', 11, 3),
(192, '2021-03-28', 122, '0.00', 466, 3),
(193, '2021-02-09', 129, '855.54', 441, 1),
(194, '2021-01-17', 202, '195.24', 7, 7),
(195, '2021-05-26', 160, '1959.30', 190, 4),
(196, '2021-10-02', 61, '0.00', 183, 1),
(197, '2021-07-18', 160, '0.00', 135, 2),
(198, '2021-08-20', 89, '345.81', 192, 3),
(199, '2021-09-26', 103, '0.00', 90, 3),
(200, '2021-04-06', 156, '0.00', 480, 5),
(201, '2021-03-04', 194, '301.86', 154, 2),
(202, '2021-01-30', 157, '1765.47', 257, 4),
(203, '2021-03-01', 200, '1311.63', 383, 4),
(204, '2021-03-18', 224, '1745.18', 273, 7),
(205, '2021-01-20', 199, '1676.30', 39, 7),
(206, '2021-02-16', 155, '766.34', 201, 6),
(207, '2021-04-30', 113, '0.00', 162, 1),
(208, '2020-12-12', 95, '722.64', 470, 3),
(209, '2020-12-15', 198, '0.00', 75, 4),
(210, '2021-01-18', 47, '1835.00', 29, 1),
(211, '2021-05-27', 52, '0.00', 31, 4),
(212, '2020-12-31', 65, '0.00', 24, 7),
(213, '2021-07-23', 195, '238.13', 239, 2),
(214, '2021-09-04', 35, '398.44', 393, 4),
(215, '2021-05-27', 155, '1113.56', 174, 3),
(216, '2021-01-04', 147, '0.00', 213, 4),
(217, '2021-11-09', 212, '0.00', 189, 7),
(218, '2021-07-27', 161, '0.00', 115, 6),
(219, '2021-02-14', 135, '0.00', 141, 4),
(220, '2021-01-23', 97, '0.00', 356, 5),
(221, '2021-05-17', 114, '1823.35', 32, 3),
(222, '2021-05-02', 106, '0.00', 125, 3),
(223, '2021-06-21', 126, '1094.19', 409, 7),
(224, '2021-03-24', 185, '142.38', 56, 1),
(225, '2021-06-01', 171, '962.11', 44, 3),
(226, '2021-04-22', 146, '329.19', 151, 2),
(227, '2021-01-24', 210, '489.66', 118, 5),
(228, '2021-02-15', 96, '0.00', 280, 7),
(229, '2021-04-07', 88, '961.52', 28, 2),
(230, '2021-11-09', 78, '0.00', 139, 4),
(231, '2021-07-28', 188, '1320.78', 412, 7),
(232, '2021-02-23', 67, '944.54', 437, 4),
(233, '2021-03-28', 185, '530.73', 384, 3),
(234, '2021-07-12', 164, '0.00', 316, 2),
(235, '2021-06-07', 74, '1093.88', 63, 2),
(236, '2021-06-16', 151, '1946.79', 439, 7),
(237, '2021-08-02', 39, '0.00', 1, 2),
(238, '2021-04-13', 168, '181.03', 299, 1),
(239, '2021-11-08', 206, '0.00', 52, 6),
(240, '2021-04-14', 58, '1214.78', 200, 5),
(241, '2021-04-07', 45, '1917.16', 273, 6),
(242, '2021-09-15', 222, '559.06', 198, 5),
(243, '2020-12-02', 66, '1752.81', 283, 2),
(244, '2021-06-18', 100, '1515.94', 219, 2),
(245, '2021-03-21', 100, '1917.00', 45, 1),
(246, '2021-06-17', 75, '243.79', 12, 3),
(247, '2021-08-13', 108, '0.00', 121, 5),
(248, '2021-01-07', 156, '1608.34', 102, 7),
(249, '2021-03-28', 214, '540.23', 58, 1),
(250, '2021-03-14', 221, '904.78', 427, 4),
(251, '2021-07-18', 239, '1006.45', 138, 2),
(252, '2021-08-24', 152, '0.00', 308, 3),
(253, '2021-11-03', 234, '1112.37', 204, 3),
(254, '2021-09-07', 162, '1071.37', 178, 3),
(255, '2021-07-04', 140, '1207.79', 94, 2),
(256, '2021-09-27', 35, '378.70', 189, 6),
(257, '2021-02-12', 238, '1938.20', 407, 3),
(258, '2020-12-11', 78, '0.00', 11, 7);

-- --------------------------------------------------------

--
-- Structure de la table `motif`
--

CREATE TABLE `motif` (
  `idMotif` int NOT NULL,
  `libelle` varchar(50) NOT NULL,
  `estBloquant` tinyint(1) NOT NULL
) ENGINE=InnoDB DEFAULT CHARSET=utf8mb4 COLLATE=utf8mb4_0900_ai_ci;

--
-- Déchargement des données de la table `motif`
--

INSERT INTO `motif` (`idMotif`, `libelle`, `estBloquant`) VALUES
(1, 'Maintenance périodique', 0),
(2, 'Maintenance ponctuelle', 0),
(3, 'Chutes de débit', 0),
(4, 'Chutes de débit', 1),
(5, 'Pics de latence', 1),
(6, 'Pics de latence', 1),
(7, 'Ligne indisponible', 1);

-- --------------------------------------------------------

--
-- Structure de la vue `equipvue`
--
DROP TABLE IF EXISTS `equipvue`;

CREATE ALGORITHM=UNDEFINED DEFINER=`nikolai`@`%` SQL SECURITY INVOKER VIEW `equipvue`  AS SELECT `equipement`.`numeroDeSerie` AS `Numéro de série`, `equipement`.`anneeDeMiseEnService` AS `Année de mise en service`, `equipement`.`latitude` AS `Latitude`, `equipement`.`longitude` AS `Longitude`, `fournisseur`.`nom` AS `Nom du fournisseur`, `categorie`.`sigle` AS `categ` FROM ((`equipement` join `fournisseur` on((`fournisseur`.`idFournisseur` = `equipement`.`idFournisseur`))) join `categorie` on((`categorie`.`idCategorie` = `equipement`.`idCategorie`))) ORDER BY `categorie`.`sigle` ASC, `fournisseur`.`nom` ASC, `equipement`.`anneeDeMiseEnService` DESC ;

--
-- Index pour les tables déchargées
--

--
-- Index pour la table `categorie`
--
ALTER TABLE `categorie`
  ADD PRIMARY KEY (`idCategorie`);

--
-- Index pour la table `equipement`
--
ALTER TABLE `equipement`
  ADD PRIMARY KEY (`idEquipement`),
  ADD KEY `Equipement_Categorie_FK` (`idCategorie`),
  ADD KEY `Equipement_Fournisseur_FK` (`idFournisseur`);

--
-- Index pour la table `fournisseur`
--
ALTER TABLE `fournisseur`
  ADD PRIMARY KEY (`idFournisseur`);

--
-- Index pour la table `intervention`
--
ALTER TABLE `intervention`
  ADD PRIMARY KEY (`idIntervention`),
  ADD KEY `Intervention_Equipement_FK` (`idEquipement`),
  ADD KEY `Intervention_Motif_FK` (`idMotif`);

--
-- Index pour la table `motif`
--
ALTER TABLE `motif`
  ADD PRIMARY KEY (`idMotif`);

--
-- AUTO_INCREMENT pour les tables déchargées
--

--
-- AUTO_INCREMENT pour la table `categorie`
--
ALTER TABLE `categorie`
  MODIFY `idCategorie` int NOT NULL AUTO_INCREMENT, AUTO_INCREMENT=6;

--
-- AUTO_INCREMENT pour la table `equipement`
--
ALTER TABLE `equipement`
  MODIFY `idEquipement` int NOT NULL AUTO_INCREMENT, AUTO_INCREMENT=491;

--
-- AUTO_INCREMENT pour la table `fournisseur`
--
ALTER TABLE `fournisseur`
  MODIFY `idFournisseur` int NOT NULL AUTO_INCREMENT, AUTO_INCREMENT=6;

--
-- AUTO_INCREMENT pour la table `intervention`
--
ALTER TABLE `intervention`
  MODIFY `idIntervention` int NOT NULL AUTO_INCREMENT, AUTO_INCREMENT=259;

--
-- AUTO_INCREMENT pour la table `motif`
--
ALTER TABLE `motif`
  MODIFY `idMotif` int NOT NULL AUTO_INCREMENT, AUTO_INCREMENT=8;

--
-- Contraintes pour les tables déchargées
--

--
-- Contraintes pour la table `equipement`
--
ALTER TABLE `equipement`
  ADD CONSTRAINT `Equipement_Categorie_FK` FOREIGN KEY (`idCategorie`) REFERENCES `categorie` (`idCategorie`),
  ADD CONSTRAINT `Equipement_Fournisseur_FK` FOREIGN KEY (`idFournisseur`) REFERENCES `fournisseur` (`idFournisseur`);

--
-- Contraintes pour la table `intervention`
--
ALTER TABLE `intervention`
  ADD CONSTRAINT `Intervention_Equipement_FK` FOREIGN KEY (`idEquipement`) REFERENCES `equipement` (`idEquipement`),
  ADD CONSTRAINT `Intervention_Motif_FK` FOREIGN KEY (`idMotif`) REFERENCES `motif` (`idMotif`);
COMMIT;

/*!40101 SET CHARACTER_SET_CLIENT=@OLD_CHARACTER_SET_CLIENT */;
/*!40101 SET CHARACTER_SET_RESULTS=@OLD_CHARACTER_SET_RESULTS */;
/*!40101 SET COLLATION_CONNECTION=@OLD_COLLATION_CONNECTION */;
